repeat,variant,fork_mode,stage,role,process_index,threads,rss_kb,pss_kb,uss_kb,proportional_shared_kb,pss_anon_kb,pss_file_kb,private_clean_kb,private_dirty_kb,shared_clean_kb,shared_dirty_kb,minor_faults,major_faults
1,stock,lazy,forked,master,0,1,17512,6162,5360,802,2627,1656,1016,4344,10356,1796,1992,0
1,stock,lazy,forked,worker,1,1,42108,27930,27168,762,27259,660,0,27168,13264,1676,7297,0
1,stock,lazy,forked,worker,2,1,42108,27930,27168,762,27259,660,0,27168,13264,1676,7297,0
1,stock,lazy,forked,worker,3,1,42108,27930,27168,762,27259,660,0,27168,13264,1676,7297,0
1,stock,lazy,forked,worker,4,1,42108,27930,27168,762,27259,660,0,27168,13264,1676,7297,0
1,stock,lazy,forked,worker,5,1,42108,27930,27168,762,27259,660,0,27168,13264,1676,7297,0
1,stock,lazy,forked,worker,6,1,42108,27930,27168,762,27259,660,0,27168,13264,1676,7297,0
1,stock,lazy,forked,worker,7,1,42108,27930,27168,762,27259,660,0,27168,13264,1676,7297,0
1,stock,lazy,forked,worker,8,1,42108,27930,27168,762,27259,660,0,27168,13264,1676,7297,0
1,stock,lazy,forked,worker,9,1,42108,27930,27168,762,27259,660,0,27168,13264,1676,7297,0
1,stock,lazy,forked,worker,10,1,42108,27930,27168,762,27259,660,0,27168,13264,1676,7297,0
1,stock,lazy,forked,worker,11,1,42108,27930,27168,762,27259,660,0,27168,13264,1676,7297,0
1,stock,lazy,forked,worker,12,1,42108,27930,27168,762,27259,660,0,27168,13264,1676,7297,0
1,stock,lazy,forked,worker,13,1,42108,27930,27168,762,27259,660,0,27168,13264,1676,7297,0
1,stock,lazy,forked,worker,14,1,42108,27930,27168,762,27259,660,0,27168,13264,1676,7297,0
1,stock,lazy,forked,worker,15,1,42108,27930,27168,762,27259,660,0,27168,13264,1676,7297,0
1,stock,lazy,forked,worker,16,1,42108,27930,27168,762,27259,660,0,27168,13264,1676,7297,0
1,stock,lazy,warmed,master,0,1,17512,6159,5400,759,2679,1600,1000,4400,10372,1740,1992,0
1,stock,lazy,warmed,worker,1,1,60016,40135,39116,1019,39199,920,0,39116,19280,1620,10439,0
1,stock,lazy,warmed,worker,2,1,59820,40121,39116,1005,39199,906,0,39116,19084,1620,10448,1
1,stock,lazy,warmed,worker,3,1,60012,40131,39112,1019,39195,920,0,39112,19280,1620,10441,0
1,stock,lazy,warmed,worker,4,1,59892,40122,39112,1010,39195,911,0,39112,19160,1620,10447,0
1,stock,lazy,warmed,worker,5,1,60012,40134,39116,1018,39199,919,0,39116,19276,1620,10444,0
1,stock,lazy,warmed,worker,6,1,59812,40117,39112,1005,39195,906,0,39112,19080,1620,10461,0
1,stock,lazy,warmed,worker,7,1,59776,40121,39120,1001,39203,903,0,39120,19036,1620,10448,2
1,stock,lazy,warmed,worker,8,1,59880,40125,39116,1009,39199,910,0,39116,19144,1620,10445,0
1,stock,lazy,warmed,worker,9,1,59972,40137,39120,1017,39203,918,0,39120,19232,1620,10442,0
1,stock,lazy,warmed,worker,10,1,60016,40135,39116,1019,39199,920,0,39116,19280,1620,10437,2
1,stock,lazy,warmed,worker,11,1,59872,40124,39116,1008,39199,910,0,39116,19136,1620,10454,0
1,stock,lazy,warmed,worker,12,1,59996,40130,39112,1018,39195,919,0,39112,19264,1620,10439,0
1,stock,lazy,warmed,worker,13,1,60016,40135,39116,1019,39199,920,0,39116,19280,1620,10439,0
1,stock,lazy,warmed,worker,14,1,60008,40127,39108,1019,39191,920,0,39108,19280,1620,10437,0
1,stock,lazy,warmed,worker,15,1,60020,40139,39120,1019,39203,920,0,39120,19280,1620,10446,0
1,stock,lazy,warmed,worker,16,1,60012,40131,39112,1019,39195,920,0,39112,19280,1620,10441,0
1,stock,lazy,after_equal_work,master,0,1,17512,6159,5400,759,2679,1600,1000,4400,10372,1740,1992,0
1,stock,lazy,after_equal_work,worker,1,1,105700,85819,84800,1019,84883,920,0,84800,19280,1620,21860,0
1,stock,lazy,after_equal_work,worker,2,1,105500,85801,84796,1005,84879,906,0,84796,19084,1620,21868,1
1,stock,lazy,after_equal_work,worker,3,1,105700,85819,84800,1019,84883,920,0,84800,19280,1620,21863,0
1,stock,lazy,after_equal_work,worker,4,1,105584,85814,84804,1010,84887,911,0,84804,19160,1620,21870,0
1,stock,lazy,after_equal_work,worker,5,1,105696,85818,84800,1018,84883,919,0,84800,19276,1620,21865,0
1,stock,lazy,after_equal_work,worker,6,1,105496,85801,84796,1005,84879,906,0,84796,19080,1620,21882,0
1,stock,lazy,after_equal_work,worker,7,1,105452,85797,84796,1001,84879,903,0,84796,19036,1620,21867,2
1,stock,lazy,after_equal_work,worker,8,1,105564,85809,84800,1009,84883,910,0,84800,19144,1620,21866,0
1,stock,lazy,after_equal_work,worker,9,1,105652,85817,84800,1017,84883,918,0,84800,19232,1620,21862,0
1,stock,lazy,after_equal_work,worker,10,1,105696,85815,84796,1019,84879,920,0,84796,19280,1620,21857,2
1,stock,lazy,after_equal_work,worker,11,1,105552,85804,84796,1008,84879,910,0,84796,19136,1620,21874,0
1,stock,lazy,after_equal_work,worker,12,1,105684,85818,84800,1018,84883,919,0,84800,19264,1620,21861,0
1,stock,lazy,after_equal_work,worker,13,1,105700,85819,84800,1019,84883,920,0,84800,19280,1620,21860,0
1,stock,lazy,after_equal_work,worker,14,1,105692,85811,84792,1019,84875,920,0,84792,19280,1620,21858,0
1,stock,lazy,after_equal_work,worker,15,1,105700,85819,84800,1019,84883,920,0,84800,19280,1620,21866,0
1,stock,lazy,after_equal_work,worker,16,1,105700,85819,84800,1019,84883,920,0,84800,19280,1620,21863,0
1,stock,lazy,settled,master,0,1,17512,6159,5400,759,2679,1600,1000,4400,10372,1740,1992,0
1,stock,lazy,settled,worker,1,1,105700,85818,84800,1018,84883,920,0,84800,19280,1620,21860,0
1,stock,lazy,settled,worker,2,1,105500,85801,84796,1005,84879,906,0,84796,19084,1620,21868,1
1,stock,lazy,settled,worker,3,1,105700,85818,84800,1018,84883,920,0,84800,19280,1620,21863,0
1,stock,lazy,settled,worker,4,1,105584,85814,84804,1010,84887,911,0,84804,19160,1620,21870,0
1,stock,lazy,settled,worker,5,1,105696,85818,84800,1018,84883,919,0,84800,19276,1620,21865,0
1,stock,lazy,settled,worker,6,1,105496,85801,84796,1005,84879,906,0,84796,19080,1620,21882,0
1,stock,lazy,settled,worker,7,1,105452,85797,84796,1001,84879,903,0,84796,19036,1620,21867,2
1,stock,lazy,settled,worker,8,1,105564,85809,84800,1009,84883,910,0,84800,19144,1620,21866,0
1,stock,lazy,settled,worker,9,1,105652,85817,84800,1017,84883,918,0,84800,19232,1620,21862,0
1,stock,lazy,settled,worker,10,1,105696,85814,84796,1018,84879,920,0,84796,19280,1620,21857,2
1,stock,lazy,settled,worker,11,1,105552,85804,84796,1008,84879,909,0,84796,19136,1620,21874,0
1,stock,lazy,settled,worker,12,1,105684,85818,84800,1018,84883,919,0,84800,19264,1620,21861,0
1,stock,lazy,settled,worker,13,1,105700,85818,84800,1018,84883,920,0,84800,19280,1620,21860,0
1,stock,lazy,settled,worker,14,1,105692,85810,84792,1018,84875,920,0,84792,19280,1620,21858,0
1,stock,lazy,settled,worker,15,1,105700,85818,84800,1018,84883,920,0,84800,19280,1620,21866,0
1,stock,lazy,settled,worker,16,1,105700,85818,84800,1018,84883,920,0,84800,19280,1620,21863,0
1,native,lazy,forked,master,0,1,21060,8933,8064,869,5181,1872,1204,6860,10544,2452,2897,0
1,native,lazy,forked,worker,1,1,48576,30912,29988,924,30117,783,0,29988,16256,2332,7942,0
1,native,lazy,forked,worker,2,1,48576,30912,29988,924,30117,783,0,29988,16256,2332,7942,0
1,native,lazy,forked,worker,3,1,48576,30912,29988,924,30117,783,0,29988,16256,2332,7942,0
1,native,lazy,forked,worker,4,1,48576,30912,29988,924,30117,783,0,29988,16256,2332,7942,0
1,native,lazy,forked,worker,5,1,48576,30912,29988,924,30117,783,0,29988,16256,2332,7942,0
1,native,lazy,forked,worker,6,1,48576,30912,29988,924,30117,783,0,29988,16256,2332,7942,0
1,native,lazy,forked,worker,7,1,48576,30912,29988,924,30117,783,0,29988,16256,2332,7943,0
1,native,lazy,forked,worker,8,1,48576,30912,29988,924,30117,783,0,29988,16256,2332,7942,0
1,native,lazy,forked,worker,9,1,48576,30912,29988,924,30117,783,0,29988,16256,2332,7942,0
1,native,lazy,forked,worker,10,1,48576,30912,29988,924,30117,783,0,29988,16256,2332,7942,0
1,native,lazy,forked,worker,11,1,48576,30912,29988,924,30117,783,0,29988,16256,2332,7942,0
1,native,lazy,forked,worker,12,1,48576,30912,29988,924,30117,783,0,29988,16256,2332,7942,0
1,native,lazy,forked,worker,13,1,48576,30912,29988,924,30117,783,0,29988,16256,2332,7942,0
1,native,lazy,forked,worker,14,1,48576,30912,29988,924,30117,783,0,29988,16256,2332,7942,0
1,native,lazy,forked,worker,15,1,48576,30912,29988,924,30117,783,0,29988,16256,2332,7942,0
1,native,lazy,forked,worker,16,1,48576,30912,29988,924,30117,783,0,29988,16256,2332,7942,0
1,native,lazy,warmed,master,0,1,21060,8863,8036,827,5242,1742,1112,6924,10636,2388,2897,0
1,native,lazy,warmed,worker,1,1,66600,43037,41844,1193,41942,1080,24,41820,22488,2268,11072,0
1,native,lazy,warmed,worker,2,1,66780,43026,41820,1206,41942,1069,0,41820,22692,2268,11067,0
1,native,lazy,warmed,worker,3,1,66752,43033,41828,1205,41942,1076,8,41820,22656,2268,11065,0
1,native,lazy,warmed,worker,4,1,66604,43014,41820,1194,41942,1057,0,41820,22516,2268,11068,0
1,native,lazy,warmed,worker,5,1,66768,43025,41820,1205,41942,1068,0,41820,22680,2268,11066,0
1,native,lazy,warmed,worker,6,1,66776,43025,41820,1205,41942,1068,0,41820,22688,2268,11062,0
1,native,lazy,warmed,worker,7,1,66724,43022,41820,1202,41942,1065,0,41820,22636,2268,11068,0
1,native,lazy,warmed,worker,8,1,66780,43026,41820,1206,41942,1069,0,41820,22692,2268,11061,0
1,native,lazy,warmed,worker,9,1,66780,43026,41820,1206,41942,1069,0,41820,22692,2268,11061,0
1,native,lazy,warmed,worker,10,1,66776,43025,41820,1205,41942,1068,0,41820,22688,2268,11062,0
1,native,lazy,warmed,worker,11,1,66640,43018,41820,1198,41942,1061,0,41820,22552,2268,11071,0
1,native,lazy,warmed,worker,12,1,66768,43025,41820,1205,41942,1068,0,41820,22680,2268,11068,0
1,native,lazy,warmed,worker,13,1,66780,43026,41820,1206,41942,1069,0,41820,22692,2268,11061,0
1,native,lazy,warmed,worker,14,1,66660,43018,41820,1198,41942,1061,0,41820,22572,2268,11070,0
1,native,lazy,warmed,worker,15,1,66784,43030,41824,1206,41946,1069,0,41824,22692,2268,11062,0
1,native,lazy,warmed,worker,16,1,66776,43025,41820,1205,41942,1068,0,41820,22688,2268,11061,0
1,native,lazy,after_equal_work,master,0,1,21060,8864,8036,828,5242,1743,1112,6924,10636,2388,2897,0
1,native,lazy,after_equal_work,worker,1,1,112228,88665,87472,1193,87570,1080,24,87448,22488,2268,22479,0
1,native,lazy,after_equal_work,worker,2,1,112408,88654,87448,1206,87570,1069,0,87448,22692,2268,22474,0
1,native,lazy,after_equal_work,worker,3,1,112380,88660,87456,1204,87570,1076,8,87448,22656,2268,22472,0
1,native,lazy,after_equal_work,worker,4,1,112232,88642,87448,1194,87570,1057,0,87448,22516,2268,22475,0
1,native,lazy,after_equal_work,worker,5,1,112396,88653,87448,1205,87570,1068,0,87448,22680,2268,22473,0
1,native,lazy,after_equal_work,worker,6,1,112404,88653,87448,1205,87570,1068,0,87448,22688,2268,22469,0
1,native,lazy,after_equal_work,worker,7,1,112352,88650,87448,1202,87570,1065,0,87448,22636,2268,22475,0
1,native,lazy,after_equal_work,worker,8,1,112408,88654,87448,1206,87570,1069,0,87448,22692,2268,22468,0
1,native,lazy,after_equal_work,worker,9,1,112408,88654,87448,1206,87570,1069,0,87448,22692,2268,22468,0
1,native,lazy,after_equal_work,worker,10,1,112404,88653,87448,1205,87570,1068,0,87448,22688,2268,22469,0
1,native,lazy,after_equal_work,worker,11,1,112268,88646,87448,1198,87570,1061,0,87448,22552,2268,22478,0
1,native,lazy,after_equal_work,worker,12,1,112396,88653,87448,1205,87570,1068,0,87448,22680,2268,22475,0
1,native,lazy,after_equal_work,worker,13,1,112408,88654,87448,1206,87570,1069,0,87448,22692,2268,22468,0
1,native,lazy,after_equal_work,worker,14,1,112288,88645,87448,1197,87570,1061,0,87448,22572,2268,22477,0
1,native,lazy,after_equal_work,worker,15,1,112412,88658,87452,1206,87574,1069,0,87452,22692,2268,22469,0
1,native,lazy,after_equal_work,worker,16,1,112404,88653,87448,1205,87570,1068,0,87448,22688,2268,22468,0
1,native,lazy,settled,master,0,1,21060,8864,8036,828,5242,1743,1112,6924,10636,2388,2897,0
1,native,lazy,settled,worker,1,1,112228,88665,87472,1193,87570,1080,24,87448,22488,2268,22479,0
1,native,lazy,settled,worker,2,1,112408,88653,87448,1205,87570,1068,0,87448,22692,2268,22474,0
1,native,lazy,settled,worker,3,1,112380,88660,87456,1204,87570,1075,8,87448,22656,2268,22472,0
1,native,lazy,settled,worker,4,1,112232,88642,87448,1194,87570,1057,0,87448,22516,2268,22475,0
1,native,lazy,settled,worker,5,1,112396,88653,87448,1205,87570,1068,0,87448,22680,2268,22473,0
1,native,lazy,settled,worker,6,1,112404,88653,87448,1205,87570,1068,0,87448,22688,2268,22469,0
1,native,lazy,settled,worker,7,1,112352,88650,87448,1202,87570,1065,0,87448,22636,2268,22475,0
1,native,lazy,settled,worker,8,1,112408,88653,87448,1205,87570,1068,0,87448,22692,2268,22468,0
1,native,lazy,settled,worker,9,1,112408,88653,87448,1205,87570,1068,0,87448,22692,2268,22468,0
1,native,lazy,settled,worker,10,1,112404,88653,87448,1205,87570,1068,0,87448,22688,2268,22469,0
1,native,lazy,settled,worker,11,1,112268,88646,87448,1198,87570,1061,0,87448,22552,2268,22478,0
1,native,lazy,settled,worker,12,1,112396,88653,87448,1205,87570,1068,0,87448,22680,2268,22475,0
1,native,lazy,settled,worker,13,1,112408,88653,87448,1205,87570,1068,0,87448,22692,2268,22468,0
1,native,lazy,settled,worker,14,1,112288,88645,87448,1197,87570,1060,0,87448,22572,2268,22477,0
1,native,lazy,settled,worker,15,1,112412,88657,87452,1205,87574,1068,0,87452,22692,2268,22469,0
1,native,lazy,settled,worker,16,1,112404,88653,87448,1205,87570,1068,0,87448,22688,2268,22468,0
1,stock,preload,forked,master,0,1,46908,9648,6736,2912,2387,5349,4124,2612,12012,28160,8754,0
1,stock,preload,forked,worker,1,1,34304,2664,736,1928,2382,273,0,736,5464,28104,277,0
1,stock,preload,forked,worker,2,1,34304,2664,736,1928,2382,273,0,736,5464,28104,277,0
1,stock,preload,forked,worker,3,1,34304,2661,732,1929,2378,273,0,732,5464,28108,277,0
1,stock,preload,forked,worker,4,1,34304,2661,732,1929,2378,273,0,732,5464,28108,277,0
1,stock,preload,forked,worker,5,1,34304,2661,732,1929,2378,273,0,732,5464,28108,277,0
1,stock,preload,forked,worker,6,1,34304,2661,732,1929,2378,273,0,732,5464,28108,277,0
1,stock,preload,forked,worker,7,1,34304,2661,732,1929,2378,273,0,732,5464,28108,277,0
1,stock,preload,forked,worker,8,1,34304,2661,732,1929,2378,273,0,732,5464,28108,277,0
1,stock,preload,forked,worker,9,1,34304,2661,732,1929,2378,273,0,732,5464,28108,277,0
1,stock,preload,forked,worker,10,1,34304,2661,732,1929,2378,273,0,732,5464,28108,277,0
1,stock,preload,forked,worker,11,1,34304,2661,732,1929,2378,273,0,732,5464,28108,277,0
1,stock,preload,forked,worker,12,1,34304,2661,732,1929,2378,273,0,732,5464,28108,277,0
1,stock,preload,forked,worker,13,1,34304,2661,732,1929,2378,273,0,732,5464,28108,277,0
1,stock,preload,forked,worker,14,1,34304,2661,732,1929,2378,273,0,732,5464,28108,277,0
1,stock,preload,forked,worker,15,1,34304,2661,732,1929,2378,273,0,732,5464,28108,277,0
1,stock,preload,forked,worker,16,1,34304,2659,728,1931,2376,273,0,728,5464,28112,277,0
1,stock,preload,warmed,master,0,1,46908,21864,19752,2112,17515,2922,2036,17716,14100,13056,8754,0
1,stock,preload,warmed,worker,1,1,58048,30266,28712,1554,29409,811,0,28712,17252,12084,7530,0
1,stock,preload,warmed,worker,2,1,57920,30259,28712,1547,29407,806,0,28712,17128,12080,7543,0
1,stock,preload,warmed,worker,3,1,57920,30260,28712,1548,29409,805,0,28712,17120,12088,7547,0
1,stock,preload,warmed,worker,4,1,58048,30261,28708,1553,29404,811,0,28708,17252,12088,7530,0
1,stock,preload,warmed,worker,5,1,58020,30259,28708,1551,29404,809,0,28708,17224,12088,7535,0
1,stock,preload,warmed,worker,6,1,57948,30251,28704,1547,29400,806,0,28704,17156,12088,7541,0
1,stock,preload,warmed,worker,7,1,57948,30251,28704,1547,29400,806,0,28704,17156,12088,7542,0
1,stock,preload,warmed,worker,8,1,57820,30245,28704,1541,29401,799,0,28704,17024,12092,7544,0
1,stock,preload,warmed,worker,9,1,57720,30253,28716,1537,29412,796,0,28716,16916,12088,7561,0
1,stock,preload,warmed,worker,10,1,58020,30255,28704,1551,29400,810,0,28704,17228,12088,7536,0
1,stock,preload,warmed,worker,11,1,57984,30255,28704,1551,29400,810,0,28704,17192,12088,7542,0
1,stock,preload,warmed,worker,12,1,57948,30260,28712,1548,29408,807,0,28712,17152,12084,7544,0
1,stock,preload,warmed,worker,13,1,57884,30247,28704,1543,29400,802,0,28704,17092,12088,7543,0
1,stock,preload,warmed,worker,14,1,57548,30228,28704,1524,29400,783,0,28704,16756,12088,7559,2
1,stock,preload,warmed,worker,15,1,57924,30221,28700,1521,29396,808,0,28700,17192,12032,7534,0
1,stock,preload,warmed,worker,16,1,58048,30264,28712,1552,29408,811,0,28712,17252,12084,7531,0
1,stock,preload,after_equal_work,master,0,1,46908,21866,19756,2110,17519,2920,2036,17720,14100,13052,8754,0
1,stock,preload,after_equal_work,worker,1,1,103728,75949,74396,1553,75093,811,0,74396,17252,12080,18951,0
1,stock,preload,after_equal_work,worker,2,1,103604,75942,74396,1546,75091,806,0,74396,17128,12080,18964,0
1,stock,preload,after_equal_work,worker,3,1,103596,75938,74392,1546,75088,805,0,74392,17120,12084,18967,0
1,stock,preload,after_equal_work,worker,4,1,103732,75948,74396,1552,75092,811,0,74396,17252,12084,18952,0
1,stock,preload,after_equal_work,worker,5,1,103700,75942,74392,1550,75088,809,0,74392,17224,12084,18956,0
1,stock,preload,after_equal_work,worker,6,1,103632,75938,74392,1546,75088,805,0,74392,17156,12084,18963,0
1,stock,preload,after_equal_work,worker,7,1,103632,75938,74392,1546,75088,805,0,74392,17156,12084,18964,0
1,stock,preload,after_equal_work,worker,8,1,103508,75937,74396,1541,75094,799,0,74396,17024,12088,18967,0
1,stock,preload,after_equal_work,worker,9,1,103392,75928,74392,1536,75088,795,0,74392,16916,12084,18980,0
1,stock,preload,after_equal_work,worker,10,1,103704,75943,74392,1551,75088,810,0,74392,17228,12084,18958,0
1,stock,preload,after_equal_work,worker,11,1,103668,75943,74392,1551,75088,810,0,74392,17192,12084,18964,0
1,stock,preload,after_equal_work,worker,12,1,103628,75939,74392,1547,75088,806,0,74392,17152,12084,18964,0
1,stock,preload,after_equal_work,worker,13,1,103568,75934,74392,1542,75088,801,0,74392,17092,12084,18965,0
1,stock,preload,after_equal_work,worker,14,1,103232,75916,74392,1524,75088,783,0,74392,16756,12084,18981,2
1,stock,preload,after_equal_work,worker,15,1,103612,75912,74392,1520,75088,808,0,74392,17192,12028,18957,0
1,stock,preload,after_equal_work,worker,16,1,103728,75944,74392,1552,75088,811,0,74392,17252,12084,18951,0
1,stock,preload,settled,master,0,1,46908,21866,19756,2110,17519,2920,2036,17720,14100,13052,8754,0
1,stock,preload,settled,worker,1,1,103728,75950,74396,1554,75093,811,0,74396,17252,12080,18951,0
1,stock,preload,settled,worker,2,1,103604,75942,74396,1546,75091,806,0,74396,17128,12080,18964,0
1,stock,preload,settled,worker,3,1,103596,75938,74392,1546,75088,805,0,74392,17120,12084,18967,0
1,stock,preload,settled,worker,4,1,103732,75948,74396,1552,75092,811,0,74396,17252,12084,18952,0
1,stock,preload,settled,worker,5,1,103700,75942,74392,1550,75088,809,0,74392,17224,12084,18956,0
1,stock,preload,settled,worker,6,1,103632,75938,74392,1546,75088,806,0,74392,17156,12084,18963,0
1,stock,preload,settled,worker,7,1,103632,75938,74392,1546,75088,805,0,74392,17156,12084,18964,0
1,stock,preload,settled,worker,8,1,103508,75937,74396,1541,75094,799,0,74396,17024,12088,18967,0
1,stock,preload,settled,worker,9,1,103392,75928,74392,1536,75088,795,0,74392,16916,12084,18980,0
1,stock,preload,settled,worker,10,1,103704,75943,74392,1551,75088,810,0,74392,17228,12084,18958,0
1,stock,preload,settled,worker,11,1,103668,75943,74392,1551,75088,810,0,74392,17192,12084,18964,0
1,stock,preload,settled,worker,12,1,103628,75939,74392,1547,75088,806,0,74392,17152,12084,18964,0
1,stock,preload,settled,worker,13,1,103568,75934,74392,1542,75088,801,0,74392,17092,12084,18965,0
1,stock,preload,settled,worker,14,1,103232,75916,74392,1524,75088,783,0,74392,16756,12084,18981,2
1,stock,preload,settled,worker,15,1,103612,75913,74392,1521,75088,808,0,74392,17192,12028,18957,0
1,stock,preload,settled,worker,16,1,103728,75944,74392,1552,75088,811,0,74392,17252,12084,18951,0
1,native,preload,forked,master,0,1,53396,11271,8056,3215,2607,6753,5428,2628,13720,31620,9631,0
1,native,preload,forked,worker,1,1,37780,2880,748,2132,2597,273,0,748,5464,31568,282,0
1,native,preload,forked,worker,2,1,37780,2880,748,2132,2597,273,0,748,5464,31568,282,0
1,native,preload,forked,worker,3,1,37780,2880,748,2132,2597,273,0,748,5464,31568,282,0
1,native,preload,forked,worker,4,1,37780,2880,748,2132,2597,273,0,748,5464,31568,282,0
1,native,preload,forked,worker,5,1,37780,2880,748,2132,2597,273,0,748,5464,31568,282,0
1,native,preload,forked,worker,6,1,37780,2880,748,2132,2597,273,0,748,5464,31568,282,0
1,native,preload,forked,worker,7,1,37780,2880,748,2132,2597,273,0,748,5464,31568,282,0
1,native,preload,forked,worker,8,1,37780,2880,748,2132,2597,273,0,748,5464,31568,282,0
1,native,preload,forked,worker,9,1,37780,2880,748,2132,2597,273,0,748,5464,31568,282,0
1,native,preload,forked,worker,10,1,37780,2880,748,2132,2597,273,0,748,5464,31568,282,0
1,native,preload,forked,worker,11,1,37780,2880,748,2132,2597,273,0,748,5464,31568,282,0
1,native,preload,forked,worker,12,1,37780,2880,748,2132,2597,273,0,748,5464,31568,282,0
1,native,preload,forked,worker,13,1,37780,2880,748,2132,2597,273,0,748,5464,31568,282,0
1,native,preload,forked,worker,14,1,37780,2880,748,2132,2597,273,0,748,5464,31568,282,0
1,native,preload,forked,worker,15,1,37780,2880,748,2132,2597,273,0,748,5464,31568,282,0
1,native,preload,forked,worker,16,1,37780,2878,744,2134,2595,273,0,744,5464,31572,282,0
1,native,preload,warmed,master,0,1,53396,22637,20140,2497,17880,3358,2312,17828,16836,16420,9631,0
1,native,preload,warmed,worker,1,1,63028,30607,28772,1835,29662,899,0,28772,18864,15392,7575,0
1,native,preload,warmed,worker,2,1,62920,30603,28772,1831,29662,895,0,28772,18756,15392,7601,0
1,native,preload,warmed,worker,3,1,63008,30606,28772,1834,29662,899,0,28772,18844,15392,7584,0
1,native,preload,warmed,worker,4,1,62708,30587,28772,1815,29662,879,0,28772,18544,15392,7585,0
1,native,preload,warmed,worker,5,1,62864,30598,28772,1826,29662,891,0,28772,18700,15392,7585,0
1,native,preload,warmed,worker,6,1,62948,30605,28772,1833,29662,898,0,28772,18784,15392,7585,0
1,native,preload,warmed,worker,7,1,63072,30609,28772,1837,29662,902,0,28772,18908,15392,7576,0
1,native,preload,warmed,worker,8,1,62724,30587,28772,1815,29662,880,0,28772,18560,15392,7598,0
1,native,preload,warmed,worker,9,1,62628,30583,28772,1811,29662,876,0,28772,18464,15392,7606,0
1,native,preload,warmed,worker,10,1,62856,30596,28772,1824,29662,889,0,28772,18692,15392,7591,0
1,native,preload,warmed,worker,11,1,63068,30610,28772,1838,29662,902,0,28772,18904,15392,7576,0
1,native,preload,warmed,worker,12,1,62768,30590,28772,1818,29662,883,0,28772,18604,15392,7595,0
1,native,preload,warmed,worker,13,1,62872,30599,28772,1827,29662,892,0,28772,18708,15392,7595,0
1,native,preload,warmed,worker,14,1,62972,30604,28772,1832,29662,896,0,28772,18808,15392,7582,0
1,native,preload,warmed,worker,15,1,63148,30655,28784,1871,29679,931,0,28784,18984,15380,7575,0
1,native,preload,warmed,worker,16,1,62844,30597,28772,1825,29662,889,0,28772,18680,15392,7595,0
1,native,preload,after_equal_work,master,0,1,53396,22638,20140,2498,17880,3358,2312,17828,16836,16420,9631,0
1,native,preload,after_equal_work,worker,1,1,108724,76243,74404,1839,75294,903,0,74404,18928,15392,18984,0
1,native,preload,after_equal_work,worker,2,1,108616,76239,74404,1835,75294,899,0,74404,18820,15392,19010,0
1,native,preload,after_equal_work,worker,3,1,108704,76242,74404,1838,75294,903,0,74404,18908,15392,18993,0
1,native,preload,after_equal_work,worker,4,1,108404,76223,74404,1819,75294,883,0,74404,18608,15392,18994,0
1,native,preload,after_equal_work,worker,5,1,108560,76234,74404,1830,75294,895,0,74404,18764,15392,18994,0
1,native,preload,after_equal_work,worker,6,1,108644,76241,74404,1837,75294,902,0,74404,18848,15392,18994,0
1,native,preload,after_equal_work,worker,7,1,108768,76245,74404,1841,75294,906,0,74404,18972,15392,18985,0
1,native,preload,after_equal_work,worker,8,1,108420,76223,74404,1819,75294,884,0,74404,18624,15392,19007,0
1,native,preload,after_equal_work,worker,9,1,108324,76219,74404,1815,75294,880,0,74404,18528,15392,19015,0
1,native,preload,after_equal_work,worker,10,1,108552,76232,74404,1828,75294,893,0,74404,18756,15392,19000,0
1,native,preload,after_equal_work,worker,11,1,108764,76246,74404,1842,75294,906,0,74404,18968,15392,18985,0
1,native,preload,after_equal_work,worker,12,1,108464,76226,74404,1822,75294,887,0,74404,18668,15392,19004,0
1,native,preload,after_equal_work,worker,13,1,108568,76235,74404,1831,75294,896,0,74404,18772,15392,19004,0
1,native,preload,after_equal_work,worker,14,1,108668,76240,74404,1836,75294,900,0,74404,18872,15392,18991,0
1,native,preload,after_equal_work,worker,15,1,108844,76291,74416,1875,75311,935,0,74416,19048,15380,18984,0
1,native,preload,after_equal_work,worker,16,1,108540,76233,74404,1829,75294,893,0,74404,18744,15392,19004,0
1,native,preload,settled,master,0,1,53396,22637,20140,2497,17880,3358,2312,17828,16836,16420,9631,0
1,native,preload,settled,worker,1,1,108724,76243,74404,1839,75294,903,0,74404,18928,15392,18984,0
1,native,preload,settled,worker,2,1,108616,76239,74404,1835,75294,899,0,74404,18820,15392,19010,0
1,native,preload,settled,worker,3,1,108704,76242,74404,1838,75294,903,0,74404,18908,15392,18993,0
1,native,preload,settled,worker,4,1,108404,76223,74404,1819,75294,883,0,74404,18608,15392,18994,0
1,native,preload,settled,worker,5,1,108560,76234,74404,1830,75294,895,0,74404,18764,15392,18994,0
1,native,preload,settled,worker,6,1,108644,76241,74404,1837,75294,902,0,74404,18848,15392,18994,0
1,native,preload,settled,worker,7,1,108768,76245,74404,1841,75294,906,0,74404,18972,15392,18985,0
1,native,preload,settled,worker,8,1,108420,76223,74404,1819,75294,884,0,74404,18624,15392,19007,0
1,native,preload,settled,worker,9,1,108324,76219,74404,1815,75294,880,0,74404,18528,15392,19015,0
1,native,preload,settled,worker,10,1,108552,76232,74404,1828,75294,893,0,74404,18756,15392,19000,0
1,native,preload,settled,worker,11,1,108764,76246,74404,1842,75294,906,0,74404,18968,15392,18985,0
1,native,preload,settled,worker,12,1,108464,76226,74404,1822,75294,887,0,74404,18668,15392,19004,0
1,native,preload,settled,worker,13,1,108568,76235,74404,1831,75294,896,0,74404,18772,15392,19004,0
1,native,preload,settled,worker,14,1,108668,76240,74404,1836,75294,900,0,74404,18872,15392,18991,0
1,native,preload,settled,worker,15,1,108844,76291,74416,1875,75311,935,0,74416,19048,15380,18984,0
1,native,preload,settled,worker,16,1,108540,76233,74404,1829,75294,893,0,74404,18744,15392,19004,0
2,native,preload,forked,master,0,1,53272,11209,8004,3205,2610,6687,5372,2632,13656,31612,9646,0
2,native,preload,forked,worker,1,1,37744,2883,752,2131,2601,272,0,752,5432,31560,281,0
2,native,preload,forked,worker,2,1,37744,2883,752,2131,2601,272,0,752,5432,31560,281,0
2,native,preload,forked,worker,3,1,37744,2883,752,2131,2601,272,0,752,5432,31560,281,0
2,native,preload,forked,worker,4,1,37744,2883,752,2131,2601,272,0,752,5432,31560,281,0
2,native,preload,forked,worker,5,1,37744,2883,752,2131,2601,272,0,752,5432,31560,281,0
2,native,preload,forked,worker,6,1,37744,2883,752,2131,2601,272,0,752,5432,31560,281,0
2,native,preload,forked,worker,7,1,37744,2883,752,2131,2601,272,0,752,5432,31560,281,0
2,native,preload,forked,worker,8,1,37744,2883,752,2131,2601,272,0,752,5432,31560,281,0
2,native,preload,forked,worker,9,1,37744,2883,752,2131,2601,272,0,752,5432,31560,281,0
2,native,preload,forked,worker,10,1,37744,2883,752,2131,2601,272,0,752,5432,31560,281,0
2,native,preload,forked,worker,11,1,37744,2883,752,2131,2601,272,0,752,5432,31560,281,0
2,native,preload,forked,worker,12,1,37744,2883,752,2131,2601,272,0,752,5432,31560,281,0
2,native,preload,forked,worker,13,1,37744,2883,752,2131,2601,272,0,752,5432,31560,281,0
2,native,preload,forked,worker,14,1,37744,2883,752,2131,2601,272,0,752,5432,31560,281,0
2,native,preload,forked,worker,15,1,37744,2883,752,2131,2601,272,0,752,5432,31560,281,0
2,native,preload,forked,worker,16,1,37744,2881,748,2133,2599,272,0,748,5432,31564,281,0
2,native,preload,warmed,master,0,1,53272,22625,20160,2465,17868,3358,2356,17804,16672,16440,9646,0
2,native,preload,warmed,worker,1,1,62580,30616,28804,1812,29662,909,32,28772,18388,15388,7602,0
2,native,preload,warmed,worker,2,1,62800,30595,28772,1823,29662,888,0,28772,18640,15388,7590,0
2,native,preload,warmed,worker,3,1,62480,30585,28776,1809,29666,873,0,28776,18316,15388,7599,0
2,native,preload,warmed,worker,4,1,62636,30593,28780,1813,29662,886,8,28772,18468,15388,7592,0
2,native,preload,warmed,worker,5,1,62488,30586,28776,1810,29666,875,0,28776,18324,15388,7603,0
2,native,preload,warmed,worker,6,1,63032,30612,28772,1840,29662,904,0,28772,18872,15388,7571,0
2,native,preload,warmed,worker,7,1,62604,30595,28780,1815,29666,883,4,28776,18436,15388,7597,0
2,native,preload,warmed,worker,8,1,62936,30609,28776,1833,29666,898,0,28776,18772,15388,7590,0
2,native,preload,warmed,worker,9,1,62752,30600,28776,1824,29666,888,0,28776,18588,15388,7591,0
2,native,preload,warmed,worker,10,1,62868,30605,28776,1829,29666,894,0,28776,18704,15388,7584,0
2,native,preload,warmed,worker,11,1,62464,30583,28776,1807,29666,872,0,28776,18300,15388,7608,0
2,native,preload,warmed,worker,12,1,63032,30612,28772,1840,29662,904,0,28772,18872,15388,7570,0
2,native,preload,warmed,worker,13,1,62664,30592,28772,1820,29662,885,0,28772,18504,15388,7594,0
2,native,preload,warmed,worker,14,1,63032,30612,28772,1840,29662,904,0,28772,18872,15388,7570,0
2,native,preload,warmed,worker,15,1,62820,30624,28796,1828,29666,913,20,28776,18636,15388,7592,0
2,native,preload,warmed,worker,16,1,63036,30620,28764,1856,29670,904,0,28764,18872,15400,7568,0
2,native,preload,after_equal_work,master,0,1,53272,22627,20160,2467,17868,3360,2356,17804,16672,16440,9646,0
2,native,preload,after_equal_work,worker,1,1,108216,76252,74440,1812,75298,909,32,74408,18388,15388,19011,0
2,native,preload,after_equal_work,worker,2,1,108436,76231,74408,1823,75298,888,0,74408,18640,15388,18999,0
2,native,preload,after_equal_work,worker,3,1,108112,76217,74408,1809,75298,873,0,74408,18316,15388,19007,0
2,native,preload,after_equal_work,worker,4,1,108272,76229,74416,1813,75298,886,8,74408,18468,15388,19001,0
2,native,preload,after_equal_work,worker,5,1,108120,76218,74408,1810,75298,875,0,74408,18324,15388,19011,0
2,native,preload,after_equal_work,worker,6,1,108668,76248,74408,1840,75298,904,0,74408,18872,15388,18980,0
2,native,preload,after_equal_work,worker,7,1,108236,76227,74412,1815,75298,883,4,74408,18436,15388,19005,0
2,native,preload,after_equal_work,worker,8,1,108568,76241,74408,1833,75298,898,0,74408,18772,15388,18998,0
2,native,preload,after_equal_work,worker,9,1,108384,76232,74408,1824,75298,888,0,74408,18588,15388,18999,0
2,native,preload,after_equal_work,worker,10,1,108500,76237,74408,1829,75298,894,0,74408,18704,15388,18992,0
2,native,preload,after_equal_work,worker,11,1,108096,76215,74408,1807,75298,872,0,74408,18300,15388,19016,0
2,native,preload,after_equal_work,worker,12,1,108668,76248,74408,1840,75298,904,0,74408,18872,15388,18979,0
2,native,preload,after_equal_work,worker,13,1,108300,76228,74408,1820,75298,885,0,74408,18504,15388,19003,0
2,native,preload,after_equal_work,worker,14,1,108668,76248,74408,1840,75298,904,0,74408,18872,15388,18979,0
2,native,preload,after_equal_work,worker,15,1,108452,76256,74428,1828,75298,913,20,74408,18636,15388,19000,0
2,native,preload,after_equal_work,worker,16,1,108668,76252,74396,1856,75302,904,0,74396,18872,15400,18976,0
2,native,preload,settled,master,0,1,53272,22629,20160,2469,17868,3362,2356,17804,16672,16440,9646,0
2,native,preload,settled,worker,1,1,108216,76252,74440,1812,75298,909,32,74408,18388,15388,19011,0
2,native,preload,settled,worker,2,1,108436,76231,74408,1823,75298,888,0,74408,18640,15388,18999,0
2,native,preload,settled,worker,3,1,108112,76217,74408,1809,75298,873,0,74408,18316,15388,19007,0
2,native,preload,settled,worker,4,1,108272,76229,74416,1813,75298,886,8,74408,18468,15388,19001,0
2,native,preload,settled,worker,5,1,108120,76218,74408,1810,75298,875,0,74408,18324,15388,19011,0
2,native,preload,settled,worker,6,1,108668,76248,74408,1840,75298,904,0,74408,18872,15388,18980,0
2,native,preload,settled,worker,7,1,108236,76227,74412,1815,75298,883,4,74408,18436,15388,19005,0
2,native,preload,settled,worker,8,1,108568,76241,74408,1833,75298,898,0,74408,18772,15388,18998,0
2,native,preload,settled,worker,9,1,108384,76232,74408,1824,75298,888,0,74408,18588,15388,18999,0
2,native,preload,settled,worker,10,1,108500,76237,74408,1829,75298,894,0,74408,18704,15388,18992,0
2,native,preload,settled,worker,11,1,108096,76215,74408,1807,75298,872,0,74408,18300,15388,19016,0
2,native,preload,settled,worker,12,1,108668,76248,74408,1840,75298,904,0,74408,18872,15388,18979,0
2,native,preload,settled,worker,13,1,108300,76228,74408,1820,75298,885,0,74408,18504,15388,19003,0
2,native,preload,settled,worker,14,1,108668,76248,74408,1840,75298,904,0,74408,18872,15388,18979,0
2,native,preload,settled,worker,15,1,108452,76256,74428,1828,75298,913,20,74408,18636,15388,19000,0
2,native,preload,settled,worker,16,1,108668,76252,74396,1856,75302,904,0,74396,18872,15400,18976,0
2,stock,preload,forked,master,0,1,47016,9758,6804,2954,2417,5429,4160,2644,12084,28128,8766,0
2,stock,preload,forked,worker,1,1,34240,2691,768,1923,2412,270,0,768,5400,28072,283,0
2,stock,preload,forked,worker,2,1,34240,2691,768,1923,2412,270,0,768,5400,28072,283,0
2,stock,preload,forked,worker,3,1,34240,2687,764,1923,2408,270,0,764,5400,28076,283,0
2,stock,preload,forked,worker,4,1,34240,2687,764,1923,2408,270,0,764,5400,28076,283,0
2,stock,preload,forked,worker,5,1,34240,2687,764,1923,2408,270,0,764,5400,28076,283,0
2,stock,preload,forked,worker,6,1,34240,2687,764,1923,2408,270,0,764,5400,28076,283,0
2,stock,preload,forked,worker,7,1,34240,2687,764,1923,2408,270,0,764,5400,28076,283,0
2,stock,preload,forked,worker,8,1,34240,2687,764,1923,2408,270,0,764,5400,28076,283,0
2,stock,preload,forked,worker,9,1,34240,2687,764,1923,2408,270,0,764,5400,28076,283,0
2,stock,preload,forked,worker,10,1,34240,2687,764,1923,2408,270,0,764,5400,28076,283,0
2,stock,preload,forked,worker,11,1,34240,2687,764,1923,2408,270,0,764,5400,28076,283,0
2,stock,preload,forked,worker,12,1,34240,2687,764,1923,2408,270,0,764,5400,28076,283,0
2,stock,preload,forked,worker,13,1,34240,2687,764,1923,2408,270,0,764,5400,28076,283,0
2,stock,preload,forked,worker,14,1,34240,2687,764,1923,2408,270,0,764,5400,28076,283,0
2,stock,preload,forked,worker,15,1,34240,2687,764,1923,2408,270,0,764,5400,28076,283,0
2,stock,preload,forked,worker,16,1,34240,2685,760,1925,2406,270,0,760,5400,28080,283,0
2,stock,preload,warmed,master,0,1,47016,21870,19704,2166,17557,2914,2004,17700,14240,13072,8766,0
2,stock,preload,warmed,worker,1,1,57852,30319,28768,1551,29460,813,0,28768,17056,12028,7571,1
2,stock,preload,warmed,worker,2,1,57796,30308,28764,1544,29457,806,0,28764,16996,12036,7574,0
2,stock,preload,warmed,worker,3,1,57680,30293,28752,1541,29445,803,0,28752,16888,12040,7572,0
2,stock,preload,warmed,worker,4,1,57520,30286,28756,1530,29449,792,0,28756,16724,12040,7580,0
2,stock,preload,warmed,worker,5,1,57808,30308,28760,1548,29453,810,0,28760,17012,12036,7573,0
2,stock,preload,warmed,worker,6,1,57676,30298,28760,1538,29453,800,0,28760,16876,12040,7569,0
2,stock,preload,warmed,worker,7,1,57784,30301,28756,1545,29449,807,0,28756,16992,12036,7571,1
2,stock,preload,warmed,worker,8,1,58168,30321,28744,1577,29445,831,0,28744,17376,12048,7539,0
2,stock,preload,warmed,worker,9,1,57760,30296,28756,1540,29449,802,0,28756,16964,12040,7577,0
2,stock,preload,warmed,worker,10,1,58168,30329,28760,1569,29453,831,0,28760,17368,12040,7544,0
2,stock,preload,warmed,worker,11,1,58036,30317,28756,1561,29449,823,0,28756,17244,12036,7554,0
2,stock,preload,warmed,worker,12,1,57812,30310,28764,1546,29457,808,0,28764,17012,12036,7567,0
2,stock,preload,warmed,worker,13,1,58168,30325,28756,1569,29449,831,0,28756,17372,12040,7543,0
2,stock,preload,warmed,worker,14,1,57640,30286,28752,1534,29445,796,0,28752,16848,12040,7567,0
2,stock,preload,warmed,worker,15,1,57968,30312,28756,1556,29449,818,0,28756,17176,12036,7563,1
2,stock,preload,warmed,worker,16,1,57888,30306,28756,1550,29449,811,0,28756,17092,12040,7558,0
2,stock,preload,after_equal_work,master,0,1,47016,21882,19724,2158,17572,2911,2004,17720,14240,13052,8766,0
2,stock,preload,after_equal_work,worker,1,1,103524,75994,74444,1550,75136,813,0,74444,17056,12024,18990,1
2,stock,preload,after_equal_work,worker,2,1,103464,75987,74444,1543,75136,806,0,74444,16996,12024,18994,0
2,stock,preload,after_equal_work,worker,3,1,103360,75984,74444,1540,75136,802,0,74444,16888,12028,18995,0
2,stock,preload,after_equal_work,worker,4,1,103220,75973,74440,1533,75134,793,0,74440,16748,12032,19002,0
2,stock,preload,after_equal_work,worker,5,1,103484,75992,74444,1548,75136,810,0,74444,17012,12028,18994,0
2,stock,preload,after_equal_work,worker,6,1,103348,75981,74444,1537,75136,800,0,74444,16876,12028,18990,0
2,stock,preload,after_equal_work,worker,7,1,103464,75988,74444,1544,75136,807,0,74444,16992,12028,18993,1
2,stock,preload,after_equal_work,worker,8,1,103840,76010,74440,1570,75134,831,0,74440,17376,12024,18963,0
2,stock,preload,after_equal_work,worker,9,1,103440,75988,74448,1540,75140,802,0,74448,16964,12028,19000,0
2,stock,preload,after_equal_work,worker,10,1,103840,76012,74444,1568,75136,830,0,74444,17368,12028,18965,0
2,stock,preload,after_equal_work,worker,11,1,103716,76004,74444,1560,75136,823,0,74444,17244,12028,18976,0
2,stock,preload,after_equal_work,worker,12,1,103480,75985,74440,1545,75132,808,0,74440,17012,12028,18986,0
2,stock,preload,after_equal_work,worker,13,1,103844,76012,74444,1568,75136,831,0,74444,17372,12028,18965,0
2,stock,preload,after_equal_work,worker,14,1,103340,75975,74440,1535,75132,797,0,74440,16872,12028,18990,0
2,stock,preload,after_equal_work,worker,15,1,103644,75995,74440,1555,75132,817,0,74440,17176,12028,18984,1
2,stock,preload,after_equal_work,worker,16,1,103564,75993,74444,1549,75136,811,0,74444,17092,12028,18980,0
2,stock,preload,settled,master,0,1,47016,21885,19724,2161,17572,2914,2004,17720,14240,13052,8766,0
2,stock,preload,settled,worker,1,1,103524,75994,74444,1550,75136,813,0,74444,17056,12024,18990,1
2,stock,preload,settled,worker,2,1,103464,75987,74444,1543,75136,806,0,74444,16996,12024,18994,0
2,stock,preload,settled,worker,3,1,103360,75984,74444,1540,75136,802,0,74444,16888,12028,18995,0
2,stock,preload,settled,worker,4,1,103220,75973,74440,1533,75134,793,0,74440,16748,12032,19002,0
2,stock,preload,settled,worker,5,1,103484,75991,74444,1547,75136,810,0,74444,17012,12028,18994,0
2,stock,preload,settled,worker,6,1,103348,75981,74444,1537,75136,800,0,74444,16876,12028,18990,0
2,stock,preload,settled,worker,7,1,103464,75988,74444,1544,75136,807,0,74444,16992,12028,18993,1
2,stock,preload,settled,worker,8,1,103840,76010,74440,1570,75134,831,0,74440,17376,12024,18963,0
2,stock,preload,settled,worker,9,1,103440,75988,74448,1540,75140,802,0,74448,16964,12028,19000,0
2,stock,preload,settled,worker,10,1,103840,76012,74444,1568,75136,830,0,74444,17368,12028,18965,0
2,stock,preload,settled,worker,11,1,103716,76004,74444,1560,75136,822,0,74444,17244,12028,18976,0
2,stock,preload,settled,worker,12,1,103480,75985,74440,1545,75132,808,0,74440,17012,12028,18986,0
2,stock,preload,settled,worker,13,1,103844,76012,74444,1568,75136,831,0,74444,17372,12028,18965,0
2,stock,preload,settled,worker,14,1,103340,75975,74440,1535,75132,797,0,74440,16872,12028,18990,0
2,stock,preload,settled,worker,15,1,103644,75995,74440,1555,75132,817,0,74440,17176,12028,18984,1
2,stock,preload,settled,worker,16,1,103564,75993,74444,1549,75136,811,0,74444,17092,12028,18980,0
2,native,lazy,forked,master,0,1,20912,8760,7908,852,5178,1703,1052,6856,10548,2456,2902,0
2,native,lazy,forked,worker,1,1,48736,30918,29984,934,30114,793,0,29984,16416,2336,7947,0
2,native,lazy,forked,worker,2,1,48736,30918,29984,934,30114,793,0,29984,16416,2336,7947,0
2,native,lazy,forked,worker,3,1,48736,30918,29984,934,30114,793,0,29984,16416,2336,7947,0
2,native,lazy,forked,worker,4,1,48736,30918,29984,934,30114,793,0,29984,16416,2336,7947,0
2,native,lazy,forked,worker,5,1,48736,30918,29984,934,30114,793,0,29984,16416,2336,7947,0
2,native,lazy,forked,worker,6,1,48736,30918,29984,934,30114,793,0,29984,16416,2336,7947,0
2,native,lazy,forked,worker,7,1,48736,30918,29984,934,30114,793,0,29984,16416,2336,7947,0
2,native,lazy,forked,worker,8,1,48736,30918,29984,934,30114,793,0,29984,16416,2336,7947,0
2,native,lazy,forked,worker,9,1,48736,30918,29984,934,30114,793,0,29984,16416,2336,7947,0
2,native,lazy,forked,worker,10,1,48736,30918,29984,934,30114,793,0,29984,16416,2336,7947,0
2,native,lazy,forked,worker,11,1,48736,30918,29984,934,30114,793,0,29984,16416,2336,7947,0
2,native,lazy,forked,worker,12,1,48736,30918,29984,934,30114,793,0,29984,16416,2336,7947,0
2,native,lazy,forked,worker,13,1,48736,30918,29984,934,30114,793,0,29984,16416,2336,7947,0
2,native,lazy,forked,worker,14,1,48700,30916,29984,932,30114,791,0,29984,16380,2336,7956,0
2,native,lazy,forked,worker,15,1,48736,30918,29984,934,30114,793,0,29984,16416,2336,7947,0
2,native,lazy,forked,worker,16,1,48672,30915,29984,931,30114,790,0,29984,16352,2336,7953,0
2,native,lazy,warmed,master,0,1,20912,8762,7956,806,5238,1644,1036,6920,10564,2392,2902,0
2,native,lazy,warmed,worker,1,1,66624,43018,41820,1198,41942,1061,0,41820,22532,2272,11063,0
2,native,lazy,warmed,worker,2,1,66640,43019,41820,1199,41942,1062,0,41820,22548,2272,11062,0
2,native,lazy,warmed,worker,3,1,66632,43018,41820,1198,41942,1061,0,41820,22540,2272,11062,0
2,native,lazy,warmed,worker,4,1,66640,43019,41820,1199,41942,1062,0,41820,22548,2272,11062,0
2,native,lazy,warmed,worker,5,1,66636,43018,41820,1198,41942,1061,0,41820,22544,2272,11062,0
2,native,lazy,warmed,worker,6,1,66400,43005,41820,1185,41942,1048,0,41820,22308,2272,11081,0
2,native,lazy,warmed,worker,7,1,66488,43009,41820,1189,41942,1052,0,41820,22396,2272,11070,0
2,native,lazy,warmed,worker,8,1,66532,43011,41820,1191,41942,1054,0,41820,22440,2272,11072,0
2,native,lazy,warmed,worker,9,1,66640,43019,41820,1199,41942,1062,0,41820,22548,2272,11064,0
2,native,lazy,warmed,worker,10,1,66640,43019,41820,1199,41942,1062,0,41820,22548,2272,11062,0
2,native,lazy,warmed,worker,11,1,66636,43018,41820,1198,41942,1061,0,41820,22544,2272,11062,0
2,native,lazy,warmed,worker,12,1,66420,43007,41820,1187,41942,1050,0,41820,22328,2272,11079,0
2,native,lazy,warmed,worker,13,1,66640,43019,41820,1199,41942,1062,0,41820,22548,2272,11062,0
2,native,lazy,warmed,worker,14,1,66636,43019,41820,1199,41942,1061,0,41820,22544,2272,11072,0
2,native,lazy,warmed,worker,15,1,66640,43019,41820,1199,41942,1062,0,41820,22548,2272,11062,0
2,native,lazy,warmed,worker,16,1,66620,43018,41820,1198,41942,1061,0,41820,22528,2272,11070,0
2,native,lazy,after_equal_work,master,0,1,20912,8762,7956,806,5238,1645,1036,6920,10564,2392,2902,0
2,native,lazy,after_equal_work,worker,1,1,112316,88650,87448,1202,87570,1065,0,87448,22596,2272,22471,0
2,native,lazy,after_equal_work,worker,2,1,112332,88651,87448,1203,87570,1066,0,87448,22612,2272,22470,0
2,native,lazy,after_equal_work,worker,3,1,112324,88650,87448,1202,87570,1065,0,87448,22604,2272,22470,0
2,native,lazy,after_equal_work,worker,4,1,112332,88651,87448,1203,87570,1066,0,87448,22612,2272,22470,0
2,native,lazy,after_equal_work,worker,5,1,112328,88651,87448,1203,87570,1065,0,87448,22608,2272,22470,0
2,native,lazy,after_equal_work,worker,6,1,112092,88637,87448,1189,87570,1052,0,87448,22372,2272,22489,0
2,native,lazy,after_equal_work,worker,7,1,112180,88641,87448,1193,87570,1056,0,87448,22460,2272,22478,0
2,native,lazy,after_equal_work,worker,8,1,112224,88644,87448,1196,87570,1058,0,87448,22504,2272,22480,0
2,native,lazy,after_equal_work,worker,9,1,112332,88651,87448,1203,87570,1066,0,87448,22612,2272,22472,0
2,native,lazy,after_equal_work,worker,10,1,112332,88651,87448,1203,87570,1066,0,87448,22612,2272,22470,0
2,native,lazy,after_equal_work,worker,11,1,112328,88651,87448,1203,87570,1065,0,87448,22608,2272,22470,0
2,native,lazy,after_equal_work,worker,12,1,112112,88639,87448,1191,87570,1054,0,87448,22392,2272,22487,0
2,native,lazy,after_equal_work,worker,13,1,112332,88651,87448,1203,87570,1066,0,87448,22612,2272,22470,0
2,native,lazy,after_equal_work,worker,14,1,112328,88651,87448,1203,87570,1065,0,87448,22608,2272,22480,0
2,native,lazy,after_equal_work,worker,15,1,112332,88651,87448,1203,87570,1066,0,87448,22612,2272,22470,0
2,native,lazy,after_equal_work,worker,16,1,112312,88650,87448,1202,87570,1065,0,87448,22592,2272,22478,0
2,native,lazy,settled,master,0,1,20912,8762,7956,806,5238,1645,1036,6920,10564,2392,2902,0
2,native,lazy,settled,worker,1,1,112316,88650,87448,1202,87570,1065,0,87448,22596,2272,22471,0
2,native,lazy,settled,worker,2,1,112332,88651,87448,1203,87570,1066,0,87448,22612,2272,22470,0
2,native,lazy,settled,worker,3,1,112324,88650,87448,1202,87570,1065,0,87448,22604,2272,22470,0
2,native,lazy,settled,worker,4,1,112332,88651,87448,1203,87570,1066,0,87448,22612,2272,22470,0
2,native,lazy,settled,worker,5,1,112328,88650,87448,1202,87570,1065,0,87448,22608,2272,22470,0
2,native,lazy,settled,worker,6,1,112092,88637,87448,1189,87570,1052,0,87448,22372,2272,22489,0
2,native,lazy,settled,worker,7,1,112180,88641,87448,1193,87570,1056,0,87448,22460,2272,22478,0
2,native,lazy,settled,worker,8,1,112224,88643,87448,1195,87570,1058,0,87448,22504,2272,22480,0
2,native,lazy,settled,worker,9,1,112332,88651,87448,1203,87570,1066,0,87448,22612,2272,22472,0
2,native,lazy,settled,worker,10,1,112332,88651,87448,1203,87570,1066,0,87448,22612,2272,22470,0
2,native,lazy,settled,worker,11,1,112328,88650,87448,1202,87570,1065,0,87448,22608,2272,22470,0
2,native,lazy,settled,worker,12,1,112112,88639,87448,1191,87570,1054,0,87448,22392,2272,22487,0
2,native,lazy,settled,worker,13,1,112332,88651,87448,1203,87570,1066,0,87448,22612,2272,22470,0
2,native,lazy,settled,worker,14,1,112328,88651,87448,1203,87570,1065,0,87448,22608,2272,22480,0
2,native,lazy,settled,worker,15,1,112332,88651,87448,1203,87570,1066,0,87448,22612,2272,22470,0
2,native,lazy,settled,worker,16,1,112312,88650,87448,1202,87570,1065,0,87448,22592,2272,22478,0
2,stock,lazy,forked,master,0,1,17620,6234,5404,830,2623,1732,1064,4340,10420,1796,2003,0
2,stock,lazy,forked,worker,1,1,42240,27930,27160,770,27251,668,0,27160,13404,1676,7299,0
2,stock,lazy,forked,worker,2,1,42184,27927,27160,767,27251,665,0,27160,13348,1676,7308,0
2,stock,lazy,forked,worker,3,1,42240,27930,27160,770,27251,668,0,27160,13404,1676,7298,0
2,stock,lazy,forked,worker,4,1,41888,27914,27160,754,27251,652,0,27160,13052,1676,7319,0
2,stock,lazy,forked,worker,5,1,42240,27930,27160,770,27251,668,0,27160,13404,1676,7298,0
2,stock,lazy,forked,worker,6,1,42140,27926,27160,766,27251,664,0,27160,13304,1676,7305,0
2,stock,lazy,forked,worker,7,1,42224,27929,27160,769,27251,667,0,27160,13388,1676,7299,0
2,stock,lazy,forked,worker,8,1,41896,27915,27160,755,27251,653,0,27160,13060,1676,7322,0
2,stock,lazy,forked,worker,9,1,42240,27930,27160,770,27251,668,0,27160,13404,1676,7301,0
2,stock,lazy,forked,worker,10,1,42232,27930,27160,770,27251,668,0,27160,13396,1676,7298,0
2,stock,lazy,forked,worker,11,1,42240,27930,27160,770,27251,668,0,27160,13404,1676,7298,0
2,stock,lazy,forked,worker,12,1,42240,27930,27160,770,27251,668,0,27160,13404,1676,7298,0
2,stock,lazy,forked,worker,13,1,42240,27930,27160,770,27251,668,0,27160,13404,1676,7298,0
2,stock,lazy,forked,worker,14,1,42240,27930,27160,770,27251,668,0,27160,13404,1676,7298,0
2,stock,lazy,forked,worker,15,1,42240,27930,27160,770,27251,668,0,27160,13404,1676,7298,0
2,stock,lazy,forked,worker,16,1,42240,27930,27160,770,27251,668,0,27160,13404,1676,7298,0
2,stock,lazy,warmed,master,0,1,17620,6165,5380,785,2675,1610,984,4396,10500,1740,2003,0
2,stock,lazy,warmed,worker,1,1,60268,40133,39096,1037,39179,938,0,39096,19552,1620,10439,0
2,stock,lazy,warmed,worker,2,1,60100,40146,39124,1022,39207,924,0,39124,19356,1620,10476,0
2,stock,lazy,warmed,worker,3,1,60296,40161,39124,1037,39207,938,0,39124,19552,1620,10447,0
2,stock,lazy,warmed,worker,4,1,60036,40149,39124,1025,39207,926,0,39124,19292,1620,10473,0
2,stock,lazy,warmed,worker,5,1,60300,40165,39128,1037,39211,938,0,39128,19552,1620,10446,0
2,stock,lazy,warmed,worker,6,1,60236,40159,39124,1035,39207,936,0,39124,19492,1620,10457,0
2,stock,lazy,warmed,worker,7,1,60276,40160,39124,1036,39207,937,0,39124,19532,1620,10446,0
2,stock,lazy,warmed,worker,8,1,59856,40140,39128,1012,39211,913,0,39128,19108,1620,10485,0
2,stock,lazy,warmed,worker,9,1,60108,40149,39124,1025,39207,926,0,39124,19364,1620,10462,0
2,stock,lazy,warmed,worker,10,1,60288,40161,39124,1037,39207,938,0,39124,19544,1620,10445,0
2,stock,lazy,warmed,worker,11,1,60092,40142,39120,1022,39203,923,0,39120,19352,1620,10450,0
2,stock,lazy,warmed,worker,12,1,60100,40146,39124,1022,39207,924,0,39124,19356,1620,10453,0
2,stock,lazy,warmed,worker,13,1,60156,40152,39124,1028,39207,929,0,39124,19412,1620,10456,0
2,stock,lazy,warmed,worker,14,1,60276,40145,39108,1037,39191,938,0,39108,19548,1620,10443,0
2,stock,lazy,warmed,worker,15,1,60144,40150,39124,1026,39207,927,0,39124,19400,1620,10451,0
2,stock,lazy,warmed,worker,16,1,60140,40149,39124,1025,39207,927,0,39124,19396,1620,10457,0
2,stock,lazy,after_equal_work,master,0,1,17620,6166,5380,786,2675,1611,984,4396,10500,1740,2003,0
2,stock,lazy,after_equal_work,worker,1,1,105908,85773,84736,1037,84819,938,0,84736,19552,1620,21849,0
2,stock,lazy,after_equal_work,worker,2,1,105764,85810,84788,1022,84871,924,0,84788,19356,1620,21892,0
2,stock,lazy,after_equal_work,worker,3,1,105964,85829,84792,1037,84875,938,0,84792,19552,1620,21864,0
2,stock,lazy,after_equal_work,worker,4,1,105732,85815,84788,1027,84871,928,0,84788,19324,1620,21890,0
2,stock,lazy,after_equal_work,worker,5,1,105964,85829,84792,1037,84875,938,0,84792,19552,1620,21862,0
2,stock,lazy,after_equal_work,worker,6,1,105900,85823,84788,1035,84871,936,0,84788,19492,1620,21873,0
2,stock,lazy,after_equal_work,worker,7,1,105940,85824,84788,1036,84871,937,0,84788,19532,1620,21862,0
2,stock,lazy,after_equal_work,worker,8,1,105508,85792,84780,1012,84863,913,0,84780,19108,1620,21898,0
2,stock,lazy,after_equal_work,worker,9,1,105768,85809,84784,1025,84867,926,0,84784,19364,1620,21877,0
2,stock,lazy,after_equal_work,worker,10,1,105952,85825,84788,1037,84871,938,0,84788,19544,1620,21861,0
2,stock,lazy,after_equal_work,worker,11,1,105760,85810,84788,1022,84871,923,0,84788,19352,1620,21867,0
2,stock,lazy,after_equal_work,worker,12,1,105756,85802,84780,1022,84863,924,0,84780,19356,1620,21867,0
2,stock,lazy,after_equal_work,worker,13,1,105824,85820,84792,1028,84875,929,0,84792,19412,1620,21873,0
2,stock,lazy,after_equal_work,worker,14,1,105956,85825,84788,1037,84871,938,0,84788,19548,1620,21863,0
2,stock,lazy,after_equal_work,worker,15,1,105804,85810,84784,1026,84867,927,0,84784,19400,1620,21866,0
2,stock,lazy,after_equal_work,worker,16,1,105804,85813,84788,1025,84871,927,0,84788,19396,1620,21873,0
2,stock,lazy,settled,master,0,1,17620,6165,5380,785,2675,1610,984,4396,10500,1740,2003,0
2,stock,lazy,settled,worker,1,1,105908,85773,84736,1037,84819,938,0,84736,19552,1620,21849,0
2,stock,lazy,settled,worker,2,1,105764,85810,84788,1022,84871,923,0,84788,19356,1620,21892,0
2,stock,lazy,settled,worker,3,1,105964,85829,84792,1037,84875,938,0,84792,19552,1620,21864,0
2,stock,lazy,settled,worker,4,1,105732,85815,84788,1027,84871,928,0,84788,19324,1620,21890,0
2,stock,lazy,settled,worker,5,1,105964,85829,84792,1037,84875,938,0,84792,19552,1620,21862,0
2,stock,lazy,settled,worker,6,1,105900,85823,84788,1035,84871,936,0,84788,19492,1620,21873,0
2,stock,lazy,settled,worker,7,1,105940,85824,84788,1036,84871,937,0,84788,19532,1620,21862,0
2,stock,lazy,settled,worker,8,1,105508,85792,84780,1012,84863,913,0,84780,19108,1620,21898,0
2,stock,lazy,settled,worker,9,1,105768,85809,84784,1025,84867,926,0,84784,19364,1620,21877,0
2,stock,lazy,settled,worker,10,1,105952,85824,84788,1036,84871,938,0,84788,19544,1620,21861,0
2,stock,lazy,settled,worker,11,1,105760,85810,84788,1022,84871,923,0,84788,19352,1620,21867,0
2,stock,lazy,settled,worker,12,1,105756,85802,84780,1022,84863,924,0,84780,19356,1620,21867,0
2,stock,lazy,settled,worker,13,1,105824,85820,84792,1028,84875,929,0,84792,19412,1620,21873,0
2,stock,lazy,settled,worker,14,1,105956,85825,84788,1037,84871,938,0,84788,19548,1620,21863,0
2,stock,lazy,settled,worker,15,1,105804,85809,84784,1025,84867,927,0,84784,19400,1620,21866,0
2,stock,lazy,settled,worker,16,1,105804,85813,84788,1025,84871,926,0,84788,19396,1620,21873,0
3,stock,lazy,forked,master,0,1,17576,6217,5408,809,2623,1715,1068,4340,10368,1800,2006,0
3,stock,lazy,forked,worker,1,1,42056,27924,27160,764,27251,661,0,27160,13216,1680,7298,0
3,stock,lazy,forked,worker,2,1,42048,27923,27160,763,27251,661,0,27160,13208,1680,7298,0
3,stock,lazy,forked,worker,3,1,42056,27924,27160,764,27251,661,0,27160,13216,1680,7298,0
3,stock,lazy,forked,worker,4,1,42056,27924,27160,764,27251,661,0,27160,13216,1680,7298,0
3,stock,lazy,forked,worker,5,1,42056,27924,27160,764,27251,661,0,27160,13216,1680,7298,0
3,stock,lazy,forked,worker,6,1,41616,27901,27160,741,27251,639,0,27160,12776,1680,7321,0
3,stock,lazy,forked,worker,7,1,42056,27924,27160,764,27251,661,0,27160,13216,1680,7298,0
3,stock,lazy,forked,worker,8,1,42056,27924,27160,764,27251,661,0,27160,13216,1680,7298,0
3,stock,lazy,forked,worker,9,1,41500,27897,27160,737,27251,635,0,27160,12660,1680,7317,0
3,stock,lazy,forked,worker,10,1,42052,27923,27160,763,27251,661,0,27160,13212,1680,7298,0
3,stock,lazy,forked,worker,11,1,42056,27924,27160,764,27251,661,0,27160,13216,1680,7298,0
3,stock,lazy,forked,worker,12,1,42056,27924,27160,764,27251,661,0,27160,13216,1680,7298,0
3,stock,lazy,forked,worker,13,1,42056,27924,27160,764,27251,661,0,27160,13216,1680,7298,0
3,stock,lazy,forked,worker,14,1,42056,27924,27160,764,27251,661,0,27160,13216,1680,7298,0
3,stock,lazy,forked,worker,15,1,42056,27924,27160,764,27251,661,0,27160,13216,1680,7298,0
3,stock,lazy,forked,worker,16,1,42056,27924,27160,764,27251,661,0,27160,13216,1680,7298,0
3,stock,lazy,warmed,master,0,1,17576,6155,5384,771,2676,1600,988,4396,10448,1744,2006,0
3,stock,lazy,warmed,worker,1,1,60056,40143,39120,1023,39204,924,0,39120,19312,1624,10451,0
3,stock,lazy,warmed,worker,2,1,59948,40131,39116,1015,39200,916,0,39116,19208,1624,10458,0
3,stock,lazy,warmed,worker,3,1,60060,40139,39116,1023,39200,924,0,39116,19320,1624,10449,0
3,stock,lazy,warmed,worker,4,1,59920,40134,39120,1014,39204,915,0,39120,19176,1624,10454,0
3,stock,lazy,warmed,worker,5,1,59988,40126,39108,1018,39192,919,0,39108,19256,1624,10452,2
3,stock,lazy,warmed,worker,6,1,59660,40124,39124,1000,39208,901,0,39124,18912,1624,10476,0
3,stock,lazy,warmed,worker,7,1,59972,40140,39124,1016,39208,917,0,39124,19224,1624,10464,0
3,stock,lazy,warmed,worker,8,1,60032,40142,39120,1022,39204,922,0,39120,19288,1624,10445,0
3,stock,lazy,warmed,worker,9,1,59728,40137,39132,1005,39216,906,0,39132,18972,1624,10491,1
3,stock,lazy,warmed,worker,10,1,60020,40144,39124,1020,39208,921,0,39124,19272,1624,10455,0
3,stock,lazy,warmed,worker,11,1,59912,40132,39120,1012,39204,913,0,39120,19168,1624,10451,0
3,stock,lazy,warmed,worker,12,1,60056,40131,39108,1023,39192,924,0,39108,19324,1624,10441,0
3,stock,lazy,warmed,worker,13,1,59956,40151,39136,1015,39220,915,0,39136,19196,1624,10464,0
3,stock,lazy,warmed,worker,14,1,60052,40127,39104,1023,39188,924,0,39104,19324,1624,10440,0
3,stock,lazy,warmed,worker,15,1,60076,40151,39128,1023,39212,924,0,39128,19324,1624,10446,0
3,stock,lazy,warmed,worker,16,1,60008,40136,39116,1020,39200,921,0,39116,19268,1624,10454,1
3,stock,lazy,after_equal_work,master,0,1,17576,6155,5384,771,2676,1600,988,4396,10448,1744,2006,0
3,stock,lazy,after_equal_work,worker,1,1,105732,85819,84796,1023,84880,924,0,84796,19312,1624,21870,0
3,stock,lazy,after_equal_work,worker,2,1,105628,85811,84796,1015,84880,916,0,84796,19208,1624,21878,0
3,stock,lazy,after_equal_work,worker,3,1,105728,85807,84784,1023,84868,924,0,84784,19320,1624,21866,0
3,stock,lazy,after_equal_work,worker,4,1,105592,85805,84792,1013,84876,914,0,84792,19176,1624,21872,0
3,stock,lazy,after_equal_work,worker,5,1,105676,85814,84796,1018,84880,919,0,84796,19256,1624,21874,2
3,stock,lazy,after_equal_work,worker,6,1,105324,85788,84788,1000,84872,901,0,84788,18912,1624,21892,0
3,stock,lazy,after_equal_work,worker,7,1,105644,85812,84796,1016,84880,917,0,84796,19224,1624,21882,0
3,stock,lazy,after_equal_work,worker,8,1,105708,85817,84796,1021,84880,922,0,84796,19288,1624,21864,0
3,stock,lazy,after_equal_work,worker,9,1,105392,85801,84796,1005,84880,906,0,84796,18972,1624,21907,1
3,stock,lazy,after_equal_work,worker,10,1,105692,85816,84796,1020,84880,921,0,84796,19272,1624,21873,0
3,stock,lazy,after_equal_work,worker,11,1,105576,85796,84784,1012,84868,913,0,84784,19168,1624,21867,0
3,stock,lazy,after_equal_work,worker,12,1,105740,85815,84792,1023,84876,924,0,84792,19324,1624,21862,0
3,stock,lazy,after_equal_work,worker,13,1,105612,85806,84792,1014,84876,915,0,84792,19196,1624,21878,0
3,stock,lazy,after_equal_work,worker,14,1,105720,85795,84772,1023,84856,924,0,84772,19324,1624,21857,0
3,stock,lazy,after_equal_work,worker,15,1,105740,85815,84792,1023,84876,924,0,84792,19324,1624,21862,0
3,stock,lazy,after_equal_work,worker,16,1,105688,85815,84796,1019,84880,920,0,84796,19268,1624,21874,1
3,stock,lazy,settled,master,0,1,17576,6153,5384,769,2676,1598,988,4396,10448,1744,2006,0
3,stock,lazy,settled,worker,1,1,105732,85819,84796,1023,84880,924,0,84796,19312,1624,21870,0
3,stock,lazy,settled,worker,2,1,105628,85811,84796,1015,84880,916,0,84796,19208,1624,21878,0
3,stock,lazy,settled,worker,3,1,105728,85807,84784,1023,84868,924,0,84784,19320,1624,21866,0
3,stock,lazy,settled,worker,4,1,105592,85806,84792,1014,84876,914,0,84792,19176,1624,21872,0
3,stock,lazy,settled,worker,5,1,105676,85814,84796,1018,84880,919,0,84796,19256,1624,21874,2
3,stock,lazy,settled,worker,6,1,105324,85788,84788,1000,84872,901,0,84788,18912,1624,21892,0
3,stock,lazy,settled,worker,7,1,105644,85812,84796,1016,84880,917,0,84796,19224,1624,21882,0
3,stock,lazy,settled,worker,8,1,105708,85818,84796,1022,84880,922,0,84796,19288,1624,21864,0
3,stock,lazy,settled,worker,9,1,105392,85801,84796,1005,84880,906,0,84796,18972,1624,21907,1
3,stock,lazy,settled,worker,10,1,105692,85816,84796,1020,84880,921,0,84796,19272,1624,21873,0
3,stock,lazy,settled,worker,11,1,105576,85796,84784,1012,84868,913,0,84784,19168,1624,21867,0
3,stock,lazy,settled,worker,12,1,105740,85815,84792,1023,84876,924,0,84792,19324,1624,21862,0
3,stock,lazy,settled,worker,13,1,105612,85806,84792,1014,84876,915,0,84792,19196,1624,21878,0
3,stock,lazy,settled,worker,14,1,105720,85795,84772,1023,84856,924,0,84772,19324,1624,21857,0
3,stock,lazy,settled,worker,15,1,105740,85815,84792,1023,84876,924,0,84792,19324,1624,21862,0
3,stock,lazy,settled,worker,16,1,105688,85816,84796,1020,84880,920,0,84796,19268,1624,21874,1
3,native,lazy,forked,master,0,1,21140,8938,8048,890,5178,1881,1192,6856,10632,2460,2902,0
3,native,lazy,forked,worker,1,1,48440,30900,29980,920,30110,778,0,29980,16120,2340,7938,0
3,native,lazy,forked,worker,2,1,48440,30900,29980,920,30110,778,0,29980,16120,2340,7938,0
3,native,lazy,forked,worker,3,1,48440,30900,29980,920,30110,778,0,29980,16120,2340,7938,0
3,native,lazy,forked,worker,4,1,48440,30900,29980,920,30110,778,0,29980,16120,2340,7938,0
3,native,lazy,forked,worker,5,1,48440,30900,29980,920,30110,778,0,29980,16120,2340,7938,0
3,native,lazy,forked,worker,6,1,48440,30900,29980,920,30110,778,0,29980,16120,2340,7939,0
3,native,lazy,forked,worker,7,1,48420,30898,29980,918,30110,777,0,29980,16100,2340,7938,0
3,native,lazy,forked,worker,8,1,48440,30900,29980,920,30110,778,0,29980,16120,2340,7938,0
3,native,lazy,forked,worker,9,1,48436,30899,29980,919,30110,778,0,29980,16116,2340,7938,0
3,native,lazy,forked,worker,10,1,48436,30899,29980,919,30110,778,0,29980,16116,2340,7938,0
3,native,lazy,forked,worker,11,1,48440,30900,29980,920,30110,778,0,29980,16120,2340,7938,0
3,native,lazy,forked,worker,12,1,48440,30900,29980,920,30110,778,0,29980,16120,2340,7938,0
3,native,lazy,forked,worker,13,1,48440,30900,29980,920,30110,778,0,29980,16120,2340,7938,0
3,native,lazy,forked,worker,14,1,48440,30900,29980,920,30110,778,0,29980,16120,2340,7938,0
3,native,lazy,forked,worker,15,1,48440,30900,29980,920,30110,778,0,29980,16120,2340,7938,0
3,native,lazy,forked,worker,16,1,48440,30900,29980,920,30110,778,0,29980,16120,2340,7938,0
3,native,lazy,warmed,master,0,1,21140,8869,8032,837,5238,1752,1112,6920,10712,2396,2902,0
3,native,lazy,warmed,worker,1,1,66272,42996,41816,1180,41938,1043,0,41816,22180,2276,11060,0
3,native,lazy,warmed,worker,2,1,66224,42993,41816,1177,41938,1040,0,41816,22132,2276,11065,0
3,native,lazy,warmed,worker,3,1,66332,43001,41816,1185,41938,1048,0,41816,22240,2276,11065,0
3,native,lazy,warmed,worker,4,1,66344,43002,41816,1186,41938,1049,0,41816,22252,2276,11062,0
3,native,lazy,warmed,worker,5,1,66480,43013,41816,1197,41938,1059,0,41816,22388,2276,11055,0
3,native,lazy,warmed,worker,6,1,66352,43004,41816,1188,41938,1050,0,41816,22260,2276,11068,0
3,native,lazy,warmed,worker,7,1,66216,42993,41816,1177,41938,1039,0,41816,22124,2276,11063,2
3,native,lazy,warmed,worker,8,1,66480,43013,41816,1197,41938,1059,0,41816,22388,2276,11055,0
3,native,lazy,warmed,worker,9,1,66476,43012,41816,1196,41938,1059,0,41816,22384,2276,11055,0
3,native,lazy,warmed,worker,10,1,66388,43006,41816,1190,41938,1053,0,41816,22296,2276,11061,0
3,native,lazy,warmed,worker,11,1,66480,43013,41816,1197,41938,1059,0,41816,22388,2276,11055,0
3,native,lazy,warmed,worker,12,1,66424,43009,41816,1193,41938,1055,0,41816,22332,2276,11063,0
3,native,lazy,warmed,worker,13,1,66364,43004,41816,1188,41938,1050,0,41816,22272,2276,11069,0
3,native,lazy,warmed,worker,14,1,66480,43013,41816,1197,41938,1059,0,41816,22388,2276,11055,0
3,native,lazy,warmed,worker,15,1,66480,43016,41820,1196,41942,1059,0,41820,22388,2272,11056,0
3,native,lazy,warmed,worker,16,1,66284,42998,41816,1182,41938,1045,0,41816,22192,2276,11065,2
3,native,lazy,after_equal_work,master,0,1,21140,8869,8032,837,5238,1752,1112,6920,10712,2396,2902,0
3,native,lazy,after_equal_work,worker,1,1,111900,88624,87444,1180,87566,1043,0,87444,22180,2276,22467,0
3,native,lazy,after_equal_work,worker,2,1,111852,88621,87444,1177,87566,1040,0,87444,22132,2276,22472,0
3,native,lazy,after_equal_work,worker,3,1,111960,88629,87444,1185,87566,1048,0,87444,22240,2276,22472,0
3,native,lazy,after_equal_work,worker,4,1,111972,88630,87444,1186,87566,1049,0,87444,22252,2276,22469,0
3,native,lazy,after_equal_work,worker,5,1,112108,88641,87444,1197,87566,1059,0,87444,22388,2276,22462,0
3,native,lazy,after_equal_work,worker,6,1,111980,88632,87444,1188,87566,1050,0,87444,22260,2276,22475,0
3,native,lazy,after_equal_work,worker,7,1,111844,88621,87444,1177,87566,1039,0,87444,22124,2276,22470,2
3,native,lazy,after_equal_work,worker,8,1,112108,88641,87444,1197,87566,1059,0,87444,22388,2276,22462,0
3,native,lazy,after_equal_work,worker,9,1,112104,88641,87444,1197,87566,1059,0,87444,22384,2276,22462,0
3,native,lazy,after_equal_work,worker,10,1,112016,88634,87444,1190,87566,1053,0,87444,22296,2276,22468,0
3,native,lazy,after_equal_work,worker,11,1,112108,88641,87444,1197,87566,1059,0,87444,22388,2276,22462,0
3,native,lazy,after_equal_work,worker,12,1,112052,88637,87444,1193,87566,1055,0,87444,22332,2276,22470,0
3,native,lazy,after_equal_work,worker,13,1,111992,88632,87444,1188,87566,1050,0,87444,22272,2276,22476,0
3,native,lazy,after_equal_work,worker,14,1,112108,88641,87444,1197,87566,1059,0,87444,22388,2276,22462,0
3,native,lazy,after_equal_work,worker,15,1,112108,88645,87448,1197,87570,1059,0,87448,22388,2272,22463,0
3,native,lazy,after_equal_work,worker,16,1,111912,88626,87444,1182,87566,1045,0,87444,22192,2276,22472,2
3,native,lazy,settled,master,0,1,21140,8869,8032,837,5238,1752,1112,6920,10712,2396,2902,0
3,native,lazy,settled,worker,1,1,111900,88624,87444,1180,87566,1043,0,87444,22180,2276,22467,0
3,native,lazy,settled,worker,2,1,111852,88621,87444,1177,87566,1040,0,87444,22132,2276,22472,0
3,native,lazy,settled,worker,3,1,111960,88629,87444,1185,87566,1048,0,87444,22240,2276,22472,0
3,native,lazy,settled,worker,4,1,111972,88630,87444,1186,87566,1049,0,87444,22252,2276,22469,0
3,native,lazy,settled,worker,5,1,112108,88641,87444,1197,87566,1059,0,87444,22388,2276,22462,0
3,native,lazy,settled,worker,6,1,111980,88632,87444,1188,87566,1050,0,87444,22260,2276,22475,0
3,native,lazy,settled,worker,7,1,111844,88621,87444,1177,87566,1039,0,87444,22124,2276,22470,2
3,native,lazy,settled,worker,8,1,112108,88641,87444,1197,87566,1059,0,87444,22388,2276,22462,0
3,native,lazy,settled,worker,9,1,112104,88641,87444,1197,87566,1059,0,87444,22384,2276,22462,0
3,native,lazy,settled,worker,10,1,112016,88634,87444,1190,87566,1053,0,87444,22296,2276,22468,0
3,native,lazy,settled,worker,11,1,112108,88641,87444,1197,87566,1059,0,87444,22388,2276,22462,0
3,native,lazy,settled,worker,12,1,112052,88637,87444,1193,87566,1055,0,87444,22332,2276,22470,0
3,native,lazy,settled,worker,13,1,111992,88632,87444,1188,87566,1050,0,87444,22272,2276,22476,0
3,native,lazy,settled,worker,14,1,112108,88641,87444,1197,87566,1059,0,87444,22388,2276,22462,0
3,native,lazy,settled,worker,15,1,112108,88645,87448,1197,87570,1059,0,87448,22388,2272,22463,0
3,native,lazy,settled,worker,16,1,111912,88626,87444,1182,87566,1045,0,87444,22192,2276,22472,2
3,stock,preload,forked,master,0,1,47076,9781,6852,2929,2398,5472,4228,2624,12080,28144,8757,0
3,stock,preload,forked,worker,1,1,34276,2675,748,1927,2393,273,0,748,5440,28088,279,0
3,stock,preload,forked,worker,2,1,34276,2675,748,1927,2393,273,0,748,5440,28088,279,0
3,stock,preload,forked,worker,3,1,34276,2671,744,1927,2389,273,0,744,5440,28092,279,0
3,stock,preload,forked,worker,4,1,34276,2671,744,1927,2389,273,0,744,5440,28092,279,0
3,stock,preload,forked,worker,5,1,34276,2671,744,1927,2389,273,0,744,5440,28092,279,0
3,stock,preload,forked,worker,6,1,34276,2671,744,1927,2389,273,0,744,5440,28092,279,0
3,stock,preload,forked,worker,7,1,34276,2671,744,1927,2389,273,0,744,5440,28092,279,0
3,stock,preload,forked,worker,8,1,34276,2671,744,1927,2389,273,0,744,5440,28092,279,0
3,stock,preload,forked,worker,9,1,34276,2671,744,1927,2389,273,0,744,5440,28092,279,0
3,stock,preload,forked,worker,10,1,34276,2671,744,1927,2389,273,0,744,5440,28092,279,0
3,stock,preload,forked,worker,11,1,34276,2671,744,1927,2389,273,0,744,5440,28092,279,0
3,stock,preload,forked,worker,12,1,34276,2671,744,1927,2389,273,0,744,5440,28092,279,0
3,stock,preload,forked,worker,13,1,34276,2671,744,1927,2389,273,0,744,5440,28092,279,0
3,stock,preload,forked,worker,14,1,34276,2671,744,1927,2389,273,0,744,5440,28092,279,0
3,stock,preload,forked,worker,15,1,34276,2671,744,1927,2389,273,0,744,5440,28092,279,0
3,stock,preload,forked,worker,16,1,34276,2669,740,1929,2387,273,0,740,5440,28096,279,0
3,stock,preload,warmed,master,0,1,47076,22056,19908,2148,17521,3135,2248,17660,14060,13108,8757,0
3,stock,preload,warmed,worker,1,1,57644,30267,28736,1531,29430,791,0,28736,16852,12056,7561,0
3,stock,preload,warmed,worker,2,1,57952,30285,28736,1549,29430,810,0,28736,17160,12056,7533,0
3,stock,preload,warmed,worker,3,1,57528,30264,28740,1524,29434,784,0,28740,16728,12060,7551,1
3,stock,preload,warmed,worker,4,1,57904,30272,28724,1548,29419,807,0,28724,17112,12068,7540,0
3,stock,preload,warmed,worker,5,1,57460,30236,28712,1524,29407,783,0,28712,16680,12068,7552,1
3,stock,preload,warmed,worker,6,1,57788,30245,28704,1541,29400,800,0,28704,17012,12072,7549,0
3,stock,preload,warmed,worker,7,1,57812,30254,28712,1542,29408,801,0,28712,17028,12072,7548,0
3,stock,preload,warmed,worker,8,1,57952,30291,28740,1551,29435,811,0,28740,17152,12060,7540,0
3,stock,preload,warmed,worker,9,1,57724,30256,28720,1536,29415,796,0,28720,16936,12068,7541,1
3,stock,preload,warmed,worker,10,1,57548,30245,28720,1525,29415,785,0,28720,16764,12064,7550,0
3,stock,preload,warmed,worker,11,1,57580,30246,28708,1538,29407,794,0,28708,16796,12076,7552,0
3,stock,preload,warmed,worker,12,1,57876,30265,28720,1545,29415,805,0,28720,17092,12064,7538,0
3,stock,preload,warmed,worker,13,1,57596,30255,28724,1531,29419,791,0,28724,16808,12064,7547,1
3,stock,preload,warmed,worker,14,1,57976,30265,28712,1553,29408,812,0,28712,17192,12072,7527,0
3,stock,preload,warmed,worker,15,1,57972,30266,28708,1558,29409,812,0,28708,17192,12072,7526,0
3,stock,preload,warmed,worker,16,1,57940,30277,28728,1549,29423,809,0,28728,17148,12064,7540,0
3,stock,preload,after_equal_work,master,0,1,47076,22079,19936,2143,17543,3136,2248,17688,14060,13080,8757,0
3,stock,preload,after_equal_work,worker,1,1,103324,75954,74424,1530,75117,791,0,74424,16852,12048,18983,0
3,stock,preload,after_equal_work,worker,2,1,103628,75969,74420,1549,75113,810,0,74420,17160,12048,18954,0
3,stock,preload,after_equal_work,worker,3,1,103196,75939,74416,1523,75110,784,0,74416,16728,12052,18970,1
3,stock,preload,after_equal_work,worker,4,1,103576,75958,74412,1546,75106,807,0,74412,17112,12052,18962,0
3,stock,preload,after_equal_work,worker,5,1,103148,75938,74416,1522,75110,783,0,74416,16680,12052,18978,1
3,stock,preload,after_equal_work,worker,6,1,103484,75956,74416,1540,75110,801,0,74416,17016,12052,18978,0
3,stock,preload,after_equal_work,worker,7,1,103488,75948,74408,1540,75102,801,0,74408,17028,12052,18972,0
3,stock,preload,after_equal_work,worker,8,1,103620,75966,74416,1550,75110,811,0,74416,17152,12052,18959,0
3,stock,preload,after_equal_work,worker,9,1,103404,75951,74416,1535,75110,796,0,74416,16936,12052,18965,1
3,stock,preload,after_equal_work,worker,10,1,103232,75940,74416,1524,75110,785,0,74416,16764,12052,18974,0
3,stock,preload,after_equal_work,worker,11,1,103264,75949,74416,1533,75110,794,0,74416,16796,12052,18979,0
3,stock,preload,after_equal_work,worker,12,1,103560,75960,74416,1544,75110,805,0,74416,17092,12052,18962,0
3,stock,preload,after_equal_work,worker,13,1,103304,75946,74412,1534,75108,793,0,74412,16836,12056,18970,1
3,stock,preload,after_equal_work,worker,14,1,103656,75963,74412,1551,75106,812,0,74412,17192,12052,18952,0
3,stock,preload,after_equal_work,worker,15,1,103660,75971,74416,1555,75113,812,0,74416,17192,12052,18953,0
3,stock,preload,after_equal_work,worker,16,1,103616,75964,74416,1548,75110,809,0,74416,17148,12052,18962,0
3,stock,preload,settled,master,0,1,47076,22081,19936,2145,17543,3138,2248,17688,14060,13080,8757,0
3,stock,preload,settled,worker,1,1,103324,75954,74424,1530,75117,791,0,74424,16852,12048,18983,0
3,stock,preload,settled,worker,2,1,103628,75969,74420,1549,75113,810,0,74420,17160,12048,18954,0
3,stock,preload,settled,worker,3,1,103196,75939,74416,1523,75110,784,0,74416,16728,12052,18970,1
3,stock,preload,settled,worker,4,1,103576,75958,74412,1546,75106,807,0,74412,17112,12052,18962,0
3,stock,preload,settled,worker,5,1,103148,75938,74416,1522,75110,783,0,74416,16680,12052,18978,1
3,stock,preload,settled,worker,6,1,103484,75956,74416,1540,75110,801,0,74416,17016,12052,18978,0
3,stock,preload,settled,worker,7,1,103488,75948,74408,1540,75102,801,0,74408,17028,12052,18972,0
3,stock,preload,settled,worker,8,1,103620,75966,74416,1550,75110,811,0,74416,17152,12052,18959,0
3,stock,preload,settled,worker,9,1,103404,75951,74416,1535,75110,796,0,74416,16936,12052,18965,1
3,stock,preload,settled,worker,10,1,103232,75940,74416,1524,75110,785,0,74416,16764,12052,18974,0
3,stock,preload,settled,worker,11,1,103264,75949,74416,1533,75110,794,0,74416,16796,12052,18979,0
3,stock,preload,settled,worker,12,1,103560,75960,74416,1544,75110,805,0,74416,17092,12052,18962,0
3,stock,preload,settled,worker,13,1,103304,75945,74412,1533,75108,792,0,74412,16836,12056,18970,1
3,stock,preload,settled,worker,14,1,103656,75963,74412,1551,75106,812,0,74412,17192,12052,18952,0
3,stock,preload,settled,worker,15,1,103660,75971,74416,1555,75113,812,0,74416,17192,12052,18953,0
3,stock,preload,settled,worker,16,1,103616,75964,74416,1548,75110,809,0,74416,17148,12052,18962,0
3,native,preload,forked,master,0,1,53308,11213,8004,3209,2595,6706,5388,2616,13672,31632,9628,0
3,native,preload,forked,worker,1,1,37768,2872,740,2132,2590,273,0,740,5448,31580,281,0
3,native,preload,forked,worker,2,1,37768,2872,740,2132,2590,273,0,740,5448,31580,281,0
3,native,preload,forked,worker,3,1,37768,2872,740,2132,2590,273,0,740,5448,31580,281,0
3,native,preload,forked,worker,4,1,37768,2872,740,2132,2590,273,0,740,5448,31580,281,0
3,native,preload,forked,worker,5,1,37768,2872,740,2132,2590,273,0,740,5448,31580,281,0
3,native,preload,forked,worker,6,1,37768,2872,740,2132,2590,273,0,740,5448,31580,281,0
3,native,preload,forked,worker,7,1,37768,2872,740,2132,2590,273,0,740,5448,31580,281,0
3,native,preload,forked,worker,8,1,37768,2872,740,2132,2590,273,0,740,5448,31580,281,0
3,native,preload,forked,worker,9,1,37768,2872,740,2132,2590,273,0,740,5448,31580,281,0
3,native,preload,forked,worker,10,1,37768,2872,740,2132,2590,273,0,740,5448,31580,281,0
3,native,preload,forked,worker,11,1,37768,2872,740,2132,2590,273,0,740,5448,31580,281,0
3,native,preload,forked,worker,12,1,37768,2872,740,2132,2590,273,0,740,5448,31580,281,0
3,native,preload,forked,worker,13,1,37768,2872,740,2132,2590,273,0,740,5448,31580,281,0
3,native,preload,forked,worker,14,1,37768,2872,740,2132,2590,273,0,740,5448,31580,281,0
3,native,preload,forked,worker,15,1,37768,2872,740,2132,2590,273,0,740,5448,31580,281,0
3,native,preload,forked,worker,16,1,37768,2870,736,2134,2588,273,0,736,5448,31584,281,0
3,native,preload,warmed,master,0,1,53308,22669,20204,2465,17848,3421,2412,17792,16648,16456,9628,0
3,native,preload,warmed,worker,1,1,62764,30567,28744,1823,29636,885,0,28744,18596,15424,7580,0
3,native,preload,warmed,worker,2,1,62792,30569,28744,1825,29636,887,0,28744,18624,15424,7579,0
3,native,preload,warmed,worker,3,1,62652,30562,28744,1818,29636,880,0,28744,18484,15424,7589,1
3,native,preload,warmed,worker,4,1,62752,30565,28744,1821,29636,883,0,28744,18584,15424,7573,0
3,native,preload,warmed,worker,5,1,62652,30561,28744,1817,29636,880,0,28744,18484,15424,7576,0
3,native,preload,warmed,worker,6,1,62664,30562,28744,1818,29636,880,0,28744,18496,15424,7578,0
3,native,preload,warmed,worker,7,1,62844,30571,28744,1827,29636,889,0,28744,18676,15424,7566,0
3,native,preload,warmed,worker,8,1,62676,30570,28752,1818,29644,881,0,28752,18504,15420,7585,0
3,native,preload,warmed,worker,9,1,62816,30577,28752,1825,29644,888,0,28752,18644,15420,7578,1
3,native,preload,warmed,worker,10,1,62740,30570,28748,1822,29640,885,0,28748,18572,15420,7580,0
3,native,preload,warmed,worker,11,1,62768,30567,28744,1823,29636,885,0,28744,18600,15424,7590,0
3,native,preload,warmed,worker,12,1,62484,30558,28752,1806,29644,869,0,28752,18312,15420,7584,0
3,native,preload,warmed,worker,13,1,62940,30584,28752,1832,29644,895,0,28752,18768,15420,7569,0
3,native,preload,warmed,worker,14,1,62712,30559,28740,1819,29632,881,0,28740,18548,15424,7582,0
3,native,preload,warmed,worker,15,1,62964,30586,28752,1834,29644,896,0,28752,18792,15420,7569,0
3,native,preload,warmed,worker,16,1,62968,30612,28772,1840,29670,897,0,28772,18800,15396,7570,0
3,native,preload,after_equal_work,master,0,1,53308,22673,20208,2465,17852,3422,2412,17796,16648,16452,9628,0
3,native,preload,after_equal_work,worker,1,1,108396,76203,74380,1823,75272,885,0,74380,18596,15420,18989,0
3,native,preload,after_equal_work,worker,2,1,108424,76205,74380,1825,75272,887,0,74380,18624,15420,18988,0
3,native,preload,after_equal_work,worker,3,1,108284,76197,74380,1817,75272,880,0,74380,18484,15420,18998,1
3,native,preload,after_equal_work,worker,4,1,108384,76201,74380,1821,75272,883,0,74380,18584,15420,18982,0
3,native,preload,after_equal_work,worker,5,1,108284,76197,74380,1817,75272,880,0,74380,18484,15420,18985,0
3,native,preload,after_equal_work,worker,6,1,108296,76198,74380,1818,75272,880,0,74380,18496,15420,18987,0
3,native,preload,after_equal_work,worker,7,1,108476,76206,74380,1826,75272,889,0,74380,18676,15420,18975,0
3,native,preload,after_equal_work,worker,8,1,108304,76198,74380,1818,75272,881,0,74380,18504,15420,18992,0
3,native,preload,after_equal_work,worker,9,1,108444,76205,74380,1825,75272,888,0,74380,18644,15420,18985,1
3,native,preload,after_equal_work,worker,10,1,108372,76202,74380,1822,75272,885,0,74380,18572,15420,18988,0
3,native,preload,after_equal_work,worker,11,1,108400,76202,74380,1822,75272,885,0,74380,18600,15420,18999,0
3,native,preload,after_equal_work,worker,12,1,108112,76186,74380,1806,75272,869,0,74380,18312,15420,18991,0
3,native,preload,after_equal_work,worker,13,1,108568,76212,74380,1832,75272,895,0,74380,18768,15420,18976,0
3,native,preload,after_equal_work,worker,14,1,108348,76198,74380,1818,75272,881,0,74380,18548,15420,18992,0
3,native,preload,after_equal_work,worker,15,1,108592,76214,74380,1834,75272,896,0,74380,18792,15420,18976,0
3,native,preload,after_equal_work,worker,16,1,108600,76247,74408,1839,75305,897,0,74408,18800,15392,18979,0
3,native,preload,settled,master,0,1,53308,22672,20208,2464,17852,3421,2412,17796,16648,16452,9628,0
3,native,preload,settled,worker,1,1,108396,76203,74380,1823,75272,886,0,74380,18596,15420,18989,0
3,native,preload,settled,worker,2,1,108424,76205,74380,1825,75272,887,0,74380,18624,15420,18988,0
3,native,preload,settled,worker,3,1,108284,76197,74380,1817,75272,880,0,74380,18484,15420,18998,1
3,native,preload,settled,worker,4,1,108384,76201,74380,1821,75272,883,0,74380,18584,15420,18982,0
3,native,preload,settled,worker,5,1,108284,76197,74380,1817,75272,880,0,74380,18484,15420,18985,0
3,native,preload,settled,worker,6,1,108296,76198,74380,1818,75272,880,0,74380,18496,15420,18987,0
3,native,preload,settled,worker,7,1,108476,76206,74380,1826,75272,889,0,74380,18676,15420,18975,0
3,native,preload,settled,worker,8,1,108304,76198,74380,1818,75272,881,0,74380,18504,15420,18992,0
3,native,preload,settled,worker,9,1,108444,76205,74380,1825,75272,888,0,74380,18644,15420,18985,1
3,native,preload,settled,worker,10,1,108372,76203,74380,1823,75272,885,0,74380,18572,15420,18988,0
3,native,preload,settled,worker,11,1,108400,76202,74380,1822,75272,885,0,74380,18600,15420,18999,0
3,native,preload,settled,worker,12,1,108112,76186,74380,1806,75272,869,0,74380,18312,15420,18991,0
3,native,preload,settled,worker,13,1,108568,76212,74380,1832,75272,895,0,74380,18768,15420,18976,0
3,native,preload,settled,worker,14,1,108348,76198,74380,1818,75272,881,0,74380,18548,15420,18992,0
3,native,preload,settled,worker,15,1,108592,76214,74380,1834,75272,896,0,74380,18792,15420,18976,0
3,native,preload,settled,worker,16,1,108600,76247,74408,1839,75305,897,0,74408,18800,15392,18979,0
