repeat,variant,fork_mode,stage,group,processes,rss_kb,pss_kb,uss_kb,proportional_shared_kb,pss_anon_kb,pss_file_kb,private_clean_kb,private_dirty_kb,shared_clean_kb,shared_dirty_kb,minor_faults,major_faults
1,stock,lazy,forked,all,17,691240,453042,440048,12994,438771,12216,1016,439032,222580,28612,118744,0
1,stock,lazy,forked,master,1,17512,6162,5360,802,2627,1656,1016,4344,10356,1796,1992,0
1,stock,lazy,forked,workers,16,673728,446880,434688,12192,436144,10560,0,434688,212224,26816,116752,0
1,stock,lazy,warmed,all,17,976644,648223,631240,16983,629847,16242,1000,630240,317744,27660,169100,5
1,stock,lazy,warmed,master,1,17512,6159,5400,759,2679,1600,1000,4400,10372,1740,1992,0
1,stock,lazy,warmed,workers,16,959132,642064,625840,16224,627168,14642,0,625840,307372,25920,167108,5
1,stock,lazy,after_equal_work,all,17,1707580,1379159,1362176,16983,1360783,16242,1000,1361176,317744,27660,351834,5
1,stock,lazy,after_equal_work,master,1,17512,6159,5400,759,2679,1600,1000,4400,10372,1740,1992,0
1,stock,lazy,after_equal_work,workers,16,1690068,1373000,1356776,16224,1358104,14642,0,1356776,307372,25920,349842,5
1,stock,lazy,settled,all,17,1707580,1379152,1362176,16976,1360783,16241,1000,1361176,317744,27660,351834,5
1,stock,lazy,settled,master,1,17512,6159,5400,759,2679,1600,1000,4400,10372,1740,1992,0
1,stock,lazy,settled,workers,16,1690068,1372993,1356776,16217,1358104,14641,0,1356776,307372,25920,349842,5
1,native,lazy,forked,all,17,798276,503525,487872,15653,487053,14400,1204,486668,270640,39764,129970,0
1,native,lazy,forked,master,1,21060,8933,8064,869,5181,1872,1204,6860,10544,2452,2897,0
1,native,lazy,forked,workers,16,777216,494592,479808,14784,481872,12528,0,479808,260096,37312,127073,0
1,native,lazy,warmed,all,17,1088808,697264,677192,20072,676318,18827,1144,676048,372940,38676,179942,0
1,native,lazy,warmed,master,1,21060,8863,8036,827,5242,1742,1112,6924,10636,2388,2897,0
1,native,lazy,warmed,workers,16,1067748,688401,669156,19245,671076,17085,32,669124,362304,36288,177045,0
1,native,lazy,after_equal_work,all,17,1818856,1427311,1407240,20071,1406366,18828,1144,1406096,372940,38676,362454,0
1,native,lazy,after_equal_work,master,1,21060,8864,8036,828,5242,1743,1112,6924,10636,2388,2897,0
1,native,lazy,after_equal_work,workers,16,1797796,1418447,1399204,19243,1401124,17085,32,1399172,362304,36288,359557,0
1,native,lazy,settled,all,17,1818856,1427306,1407240,20066,1406366,18821,1144,1406096,372940,38676,362454,0
1,native,lazy,settled,master,1,21060,8864,8036,828,5242,1743,1112,6924,10636,2388,2897,0
1,native,lazy,settled,workers,16,1797796,1418442,1399204,19238,1401124,17078,32,1399172,362304,36288,359557,0
1,stock,preload,forked,all,17,595772,52228,18452,33776,40441,9717,4124,14328,99436,477884,13186,0
1,stock,preload,forked,master,1,46908,9648,6736,2912,2387,5349,4124,2612,12012,28160,8754,0
1,stock,preload,forked,workers,16,548864,42580,11716,30864,38054,4368,0,11716,87424,449724,4432,0
1,stock,preload,warmed,all,17,973656,505899,479072,26827,487973,15802,2036,477036,288192,206392,129416,2
1,stock,preload,warmed,master,1,46908,21864,19752,2112,17515,2922,2036,17716,14100,13056,8754,0
1,stock,preload,warmed,workers,16,926748,484035,459320,24715,470458,12880,0,459320,274092,193336,120662,2
1,stock,preload,after_equal_work,all,17,1704572,1236857,1210044,26813,1218945,15795,2036,1208008,288192,206336,312158,2
1,stock,preload,after_equal_work,master,1,46908,21866,19756,2110,17519,2920,2036,17720,14100,13052,8754,0
1,stock,preload,after_equal_work,workers,16,1657664,1214991,1190288,24703,1201426,12875,0,1190288,274092,193284,303404,2
1,stock,preload,settled,all,17,1704572,1236859,1210044,26815,1218945,15796,2036,1208008,288192,206336,312158,2
1,stock,preload,settled,master,1,46908,21866,19756,2110,17519,2920,2036,17720,14100,13052,8754,0
1,stock,preload,settled,workers,16,1657664,1214993,1190288,24705,1201426,12876,0,1190288,274092,193284,303404,2
1,native,preload,forked,all,17,657876,57349,20020,37329,44157,11121,5428,14592,101144,536712,14143,0
1,native,preload,forked,master,1,53396,11271,8056,3215,2607,6753,5428,2628,13720,31620,9631,0
1,native,preload,forked,workers,16,604480,46078,11964,34114,41550,4368,0,11964,87424,505092,4512,0
1,native,preload,warmed,all,17,1059824,512273,480504,31769,492489,17659,2312,478192,316640,262680,131035,0
1,native,preload,warmed,master,1,53396,22637,20140,2497,17880,3358,2312,17828,16836,16420,9631,0
1,native,preload,warmed,workers,16,1006428,489636,460364,29272,474609,14301,0,460364,299804,246260,121404,0
1,native,preload,after_equal_work,all,17,1790960,1242450,1210616,31834,1222601,17723,2312,1208304,317664,262680,313579,0
1,native,preload,after_equal_work,master,1,53396,22638,20140,2498,17880,3358,2312,17828,16836,16420,9631,0
1,native,preload,after_equal_work,workers,16,1737564,1219812,1190476,29336,1204721,14365,0,1190476,300828,246260,303948,0
1,native,preload,settled,all,17,1790960,1242449,1210616,31833,1222601,17723,2312,1208304,317664,262680,313579,0
1,native,preload,settled,master,1,53396,22637,20140,2497,17880,3358,2312,17828,16836,16420,9631,0
1,native,preload,settled,workers,16,1737564,1219812,1190476,29336,1204721,14365,0,1190476,300828,246260,303948,0
2,native,preload,forked,all,17,657176,57335,20032,37303,44224,11039,5372,14660,100568,536576,14142,0
2,native,preload,forked,master,1,53272,11209,8004,3205,2610,6687,5372,2632,13656,31612,9646,0
2,native,preload,forked,workers,16,603904,46126,12028,34098,41614,4352,0,12028,86912,504964,4496,0
2,native,preload,warmed,all,17,1057496,512264,480600,31664,492500,17638,2420,478180,314236,262660,131067,0
2,native,preload,warmed,master,1,53272,22625,20160,2465,17868,3358,2356,17804,16672,16440,9646,0
2,native,preload,warmed,workers,16,1004224,489639,460440,29199,474632,14280,64,460376,297564,246220,121421,0
2,native,preload,after_equal_work,all,17,1787636,1242406,1210740,31666,1222640,17640,2420,1208320,314236,262660,313602,0
2,native,preload,after_equal_work,master,1,53272,22627,20160,2467,17868,3360,2356,17804,16672,16440,9646,0
2,native,preload,after_equal_work,workers,16,1734364,1219779,1190580,29199,1204772,14280,64,1190516,297564,246220,303956,0
2,native,preload,settled,all,17,1787636,1242408,1210740,31668,1222640,17642,2420,1208320,314236,262660,313602,0
2,native,preload,settled,master,1,53272,22629,20160,2469,17868,3362,2356,17804,16672,16440,9646,0
2,native,preload,settled,workers,16,1734364,1219779,1190580,29199,1204772,14280,64,1190516,297564,246220,303956,0
2,stock,preload,forked,all,17,594856,52756,19032,33724,40951,9749,4160,14872,98484,477340,13294,0
2,stock,preload,forked,master,1,47016,9758,6804,2954,2417,5429,4160,2644,12084,28128,8766,0
2,stock,preload,forked,workers,16,547840,42998,12228,30770,38534,4320,0,12228,86400,449212,4528,0
2,stock,preload,warmed,all,17,972740,506785,479820,26965,488768,15896,2004,477816,287236,205684,129788,3
2,stock,preload,warmed,master,1,47016,21870,19704,2166,17557,2914,2004,17700,14240,13072,8766,0
2,stock,preload,warmed,workers,16,925724,484915,460116,24799,471211,12982,0,460116,272996,192612,121022,3
2,stock,preload,after_equal_work,all,17,1703588,1237755,1210812,26943,1219736,15892,2004,1208808,287284,205492,312533,3
2,stock,preload,after_equal_work,master,1,47016,21882,19724,2158,17572,2911,2004,17720,14240,13052,8766,0
2,stock,preload,after_equal_work,workers,16,1656572,1215873,1191088,24785,1202164,12981,0,1191088,273044,192440,303767,3
2,stock,preload,settled,all,17,1703588,1237757,1210812,26945,1219736,15894,2004,1208808,287284,205492,312533,3
2,stock,preload,settled,master,1,47016,21885,19724,2161,17572,2914,2004,17720,14240,13052,8766,0
2,stock,preload,settled,workers,16,1656572,1215872,1191088,24784,1202164,12980,0,1191088,273044,192440,303767,3
2,native,lazy,forked,all,17,800588,503443,487652,15791,487002,14386,1052,486600,273104,39832,130069,0
2,native,lazy,forked,master,1,20912,8760,7908,852,5178,1703,1052,6856,10548,2456,2902,0
2,native,lazy,forked,workers,16,779676,494683,479744,14939,481824,12683,0,479744,262556,37376,127167,0
2,native,lazy,warmed,all,17,1086376,697017,677076,19941,676310,18586,1036,676040,370556,38744,179969,0
2,native,lazy,warmed,master,1,20912,8762,7956,806,5238,1644,1036,6920,10564,2392,2902,0
2,native,lazy,warmed,workers,16,1065464,688255,669120,19135,671072,16942,0,669120,359992,36352,177067,0
2,native,lazy,after_equal_work,all,17,1817448,1427132,1407124,20008,1406358,18651,1036,1406088,371580,38744,362497,0
2,native,lazy,after_equal_work,master,1,20912,8762,7956,806,5238,1645,1036,6920,10564,2392,2902,0
2,native,lazy,after_equal_work,workers,16,1796536,1418370,1399168,19202,1401120,17006,0,1399168,361016,36352,359595,0
2,native,lazy,settled,all,17,1817448,1427129,1407124,20005,1406358,18651,1036,1406088,371580,38744,362497,0
2,native,lazy,settled,master,1,20912,8762,7956,806,5238,1645,1036,6920,10564,2392,2902,0
2,native,lazy,settled,workers,16,1796536,1418367,1399168,19199,1401120,17006,0,1399168,361016,36352,359595,0
2,stock,lazy,forked,all,17,692584,453075,439964,13111,438639,12381,1064,438900,224008,28612,118838,0
2,stock,lazy,forked,master,1,17620,6234,5404,830,2623,1732,1064,4340,10420,1796,2003,0
2,stock,lazy,forked,workers,16,674964,446841,434560,12281,436016,10649,0,434560,213588,26816,116835,0
2,stock,lazy,warmed,all,17,980292,648572,631324,17248,629947,16492,984,630340,321308,27660,169289,0
2,stock,lazy,warmed,master,1,17620,6165,5380,785,2675,1610,984,4396,10500,1740,2003,0
2,stock,lazy,warmed,workers,16,962672,642407,625944,16463,627272,14882,0,625944,310808,25920,167286,0
2,stock,lazy,after_equal_work,all,17,1710924,1379175,1361924,17251,1360547,16495,984,1360940,321340,27660,351940,0
2,stock,lazy,after_equal_work,master,1,17620,6166,5380,786,2675,1611,984,4396,10500,1740,2003,0
2,stock,lazy,after_equal_work,workers,16,1693304,1373009,1356544,16465,1357872,14884,0,1356544,310840,25920,349937,0
2,stock,lazy,settled,all,17,1710924,1379172,1361924,17248,1360547,16492,984,1360940,321340,27660,351940,0
2,stock,lazy,settled,master,1,17620,6165,5380,785,2675,1610,984,4396,10500,1740,2003,0
2,stock,lazy,settled,workers,16,1693304,1373007,1356544,16463,1357872,14882,0,1356544,310840,25920,349937,0
3,stock,lazy,forked,all,17,689464,452949,439968,12981,438639,12243,1068,438900,220816,28680,118816,0
3,stock,lazy,forked,master,1,17576,6217,5408,809,2623,1715,1068,4340,10368,1800,2006,0
3,stock,lazy,forked,workers,16,671888,446732,434560,12172,436016,10528,0,434560,210448,26880,116810,0
3,stock,lazy,warmed,all,17,977020,648343,631300,17043,629936,16286,988,630312,317992,27728,169297,4
3,stock,lazy,warmed,master,1,17576,6155,5384,771,2676,1600,988,4396,10448,1744,2006,0
3,stock,lazy,warmed,workers,16,959444,642188,625916,16272,627260,14686,0,625916,307544,25984,167291,4
3,stock,lazy,after_equal_work,all,17,1707768,1379087,1362048,17039,1360684,16284,988,1361060,317992,27728,351984,4
3,stock,lazy,after_equal_work,master,1,17576,6155,5384,771,2676,1600,988,4396,10448,1744,2006,0
3,stock,lazy,after_equal_work,workers,16,1690192,1372932,1356664,16268,1358008,14684,0,1356664,307544,25984,349978,4
3,stock,lazy,settled,all,17,1707768,1379088,1362048,17040,1360684,16282,988,1361060,317992,27728,351984,4
3,stock,lazy,settled,master,1,17576,6153,5384,769,2676,1598,988,4396,10448,1744,2006,0
3,stock,lazy,settled,workers,16,1690192,1372935,1356664,16271,1358008,14684,0,1356664,307544,25984,349978,4
3,native,lazy,forked,all,17,796152,503334,487728,15606,486938,14328,1192,486536,268524,39900,129911,0
3,native,lazy,forked,master,1,21140,8938,8048,890,5178,1881,1192,6856,10632,2460,2902,0
3,native,lazy,forked,workers,16,775012,494396,479680,14716,481760,12447,0,479680,257892,37440,127009,0
3,native,lazy,warmed,all,17,1083216,696955,677092,19863,676250,18578,1112,675980,367316,38808,179874,4
3,native,lazy,warmed,master,1,21140,8869,8032,837,5238,1752,1112,6920,10712,2396,2902,0
3,native,lazy,warmed,workers,16,1062076,688086,669060,19026,671012,16826,0,669060,356604,36412,176972,4
3,native,lazy,after_equal_work,all,17,1813264,1427005,1407140,19865,1406298,18578,1112,1406028,367316,38808,362386,4
3,native,lazy,after_equal_work,master,1,21140,8869,8032,837,5238,1752,1112,6920,10712,2396,2902,0
3,native,lazy,after_equal_work,workers,16,1792124,1418136,1399108,19028,1401060,16826,0,1399108,356604,36412,359484,4
3,native,lazy,settled,all,17,1813264,1427005,1407140,19865,1406298,18578,1112,1406028,367316,38808,362386,4
3,native,lazy,settled,master,1,21140,8869,8032,837,5238,1752,1112,6920,10712,2396,2902,0
3,native,lazy,settled,workers,16,1792124,1418136,1399108,19028,1401060,16826,0,1399108,356604,36412,359484,4
3,stock,preload,forked,all,17,595492,52523,18760,33763,40628,9840,4228,14532,99120,477612,13221,0
3,stock,preload,forked,master,1,47076,9781,6852,2929,2398,5472,4228,2624,12080,28144,8757,0
3,stock,preload,forked,workers,16,548416,42742,11908,30834,38230,4368,0,11908,87040,449468,4464,0
3,stock,preload,warmed,all,17,971328,506245,479452,26793,488195,15926,2248,477204,285712,206164,129452,4
3,stock,preload,warmed,master,1,47076,22056,19908,2148,17521,3135,2248,17660,14060,13108,8757,0
3,stock,preload,warmed,workers,16,924252,484189,459544,24645,470674,12791,0,459544,271652,193056,120695,4
3,stock,preload,after_equal_work,all,17,1702236,1237351,1210584,26767,1219298,15930,2248,1208336,285744,205908,312230,4
3,stock,preload,after_equal_work,master,1,47076,22079,19936,2143,17543,3136,2248,17688,14060,13080,8757,0
3,stock,preload,after_equal_work,workers,16,1655160,1215272,1190648,24624,1201755,12794,0,1190648,271684,192828,303473,4
3,stock,preload,settled,all,17,1702236,1237352,1210584,26768,1219298,15931,2248,1208336,285744,205908,312230,4
3,stock,preload,settled,master,1,47076,22081,19936,2145,17543,3138,2248,17688,14060,13080,8757,0
3,stock,preload,settled,workers,16,1655160,1215271,1190648,24623,1201755,12793,0,1190648,271684,192828,303473,4
3,native,preload,forked,all,17,657596,57163,19840,37323,44033,11074,5388,14452,100840,536916,14124,0
3,native,preload,forked,master,1,53308,11213,8004,3209,2595,6706,5388,2616,13672,31632,9628,0
3,native,preload,forked,workers,16,604288,45950,11836,34114,41438,4368,0,11836,87168,505284,4496,0
3,native,preload,warmed,all,17,1057496,511809,480176,31633,492098,17582,2412,477764,314132,263188,130876,2
3,native,preload,warmed,master,1,53308,22669,20204,2465,17848,3421,2412,17792,16648,16456,9628,0
3,native,preload,warmed,workers,16,1004188,489140,459972,29168,474250,14161,0,459972,297484,246732,121248,2
3,native,preload,after_equal_work,all,17,1787592,1241944,1210316,31628,1222237,17583,2412,1207904,314132,263144,313410,2
3,native,preload,after_equal_work,master,1,53308,22673,20208,2465,17852,3422,2412,17796,16648,16452,9628,0
3,native,preload,after_equal_work,workers,16,1734284,1219271,1190108,29163,1204385,14161,0,1190108,297484,246692,303782,2
3,native,preload,settled,all,17,1787592,1241944,1210316,31628,1222237,17583,2412,1207904,314132,263144,313410,2
3,native,preload,settled,master,1,53308,22672,20208,2464,17852,3421,2412,17796,16648,16452,9628,0
3,native,preload,settled,workers,16,1734284,1219272,1190108,29164,1204385,14162,0,1190108,297484,246692,303782,2
